year,selling_price,km_driven,owner,fuel_CNG,fuel_Diesel,fuel_Electric,fuel_LPG,fuel_Petrol,fuel_nan,transmission_Automatic,transmission_Manual,transmission_nan,seller_type_Dealer,seller_type_Individual,seller_type_Trustmark Dealer,seller_type_nan,brand
2007.0,60000,70000.0,1,False,False,False,False,True,False,False,True,False,False,True,False,False,18
2007.0,135000,50000.0,0,False,False,False,False,True,False,False,True,False,False,True,False,False,18
2012.0,600000,100000.0,1,False,True,False,False,False,False,False,True,False,False,True,False,False,10
2017.0,250000,46000.0,1,False,False,False,False,True,False,False,True,False,False,True,False,False,5
2014.0,450000,141000.0,2,False,True,False,False,False,False,False,True,False,False,True,False,False,9
2007.0,140000,125000.0,1,False,False,False,False,True,False,False,True,False,False,True,False,False,18
2016.0,550000,25000.0,1,False,False,False,False,True,False,False,True,False,False,True,False,False,10
2014.0,240000,60000.0,2,False,False,False,False,True,False,False,True,False,False,True,False,False,25
2015.0,850000,25000.0,1,False,False,False,False,True,False,False,True,False,False,True,False,False,10
2017.0,365000,78000.0,1,True,False,False,False,False,False,False,True,False,False,True,False,False,18
2015.0,260000,35000.0,1,False,False,False,False,True,False,False,True,False,False,True,False,False,3
2014.0,250000,100000.0,1,False,False,False,False,True,False,False,True,False,False,True,False,False,25
2007.0,135000,50000.0,1,False,True,False,False,False,False,False,True,False,False,True,False,False,18
2014.0,450000,60000.0,2,False,True,False,False,False,False,False,True,False,False,True,False,False,9
2017.0,365000,78000.0,1,False,True,False,False,False,False,False,True,False,False,True,False,False,18
2015.0,585000,24000.0,1,False,False,False,False,True,False,False,True,False,True,False,False,False,18
2019.0,1195000,5000.0,1,False,True,False,False,False,False,False,True,False,True,False,False,False,10
2013.0,390000,33000.0,2,False,True,False,False,False,False,False,True,False,False,True,False,False,3
2018.0,975000,4500.0,1,False,True,False,False,False,False,True,False,False,True,False,False,False,18
2018.0,930000,14500.0,1,False,False,False,False,True,False,False,True,False,True,False,False,False,9
2018.0,525000,15000.0,1,False,False,False,False,True,False,False,True,False,False,True,False,False,25
2011.0,450000,130400.0,2,False,True,False,False,False,False,True,False,False,True,False,False,False,24
2016.0,900000,50000.0,1,False,False,False,False,True,False,True,False,False,False,True,False,False,26
2010.0,850000,119000.0,1,False,False,False,False,True,False,True,False,False,True,False,False,False,19
2014.0,229999,60000.0,4,False,False,False,False,True,False,False,True,False,False,True,False,False,10
2012.0,625000,40000.0,1,False,True,False,False,False,False,False,True,False,False,True,False,False,10
2014.0,1050000,50000.0,1,False,True,False,False,False,False,False,True,False,False,True,False,False,17
2014.0,560000,74000.0,2,False,True,False,False,False,False,False,True,False,False,True,False,False,9
2014.0,290000,64000.0,2,False,False,False,False,True,False,False,True,False,False,True,False,False,18
2012.0,275000,60000.0,2,False,False,False,False,True,False,False,True,False,False,True,False,False,18
2009.0,411000,120000.0,2,False,True,False,False,False,False,False,True,False,False,True,False,False,17
2009.0,150000,79000.0,3,False,False,False,False,True,False,False,True,False,False,True,False,False,10
2019.0,500000,15000.0,1,False,False,False,False,True,False,False,True,False,False,True,False,False,10
2006.0,100000,80000.0,1,False,False,False,False,True,False,False,True,False,False,True,False,False,18
2017.0,725000,18500.0,1,False,True,False,False,False,False,False,True,False,True,False,False,False,18
2018.0,401000,10200.0,1,False,False,False,False,True,False,False,True,False,True,False,False,False,18
2018.0,750000,29000.0,1,False,True,False,False,False,False,False,True,False,True,False,False,False,10
2018.0,310000,28000.0,1,False,False,False,False,True,False,False,True,False,True,False,False,False,18
2016.0,665000,46000.0,1,False,True,False,False,False,False,False,True,False,True,False,False,False,18
2014.0,465000,70000.0,1,False,True,False,False,False,False,False,True,False,False,True,False,False,10
2012.0,160000,60000.0,2,False,False,False,False,True,False,False,True,False,False,True,False,False,18
1996.0,250000,35000.0,2,False,True,False,False,False,False,False,True,False,False,True,False,False,17
2014.0,675000,90000.0,1,False,True,False,False,False,False,False,True,False,True,False,False,False,9
2013.0,300000,80000.0,1,False,False,False,False,True,False,False,True,False,True,False,False,False,18
2005.0,70000,80000.0,1,False,True,False,False,False,False,False,True,False,False,True,False,False,25
2014.0,240000,73300.0,2,False,False,False,False,True,False,False,True,False,True,False,False,False,10
2014.0,525000,92000.0,1,False,True,False,False,False,False,False,True,False,True,False,False,False,26
2009.0,151000,66764.0,2,False,False,False,False,True,False,False,True,False,True,False,False,False,18
2009.0,140000,100000.0,1,False,False,False,False,True,False,False,True,False,False,True,False,False,18
2011.0,350000,60000.0,1,False,True,False,False,False,False,False,True,False,False,True,False,False,26
2017.0,570000,60000.0,1,False,True,False,False,False,False,False,True,False,False,True,False,False,17
2018.0,300000,31000.0,0,False,False,False,False,True,False,False,True,False,False,True,False,False,10
2007.0,100000,39000.0,1,False,True,False,False,False,False,False,True,False,False,True,False,False,25
2009.0,500000,120000.0,3,False,True,False,False,False,False,False,True,False,False,True,False,False,26
2006.0,130000,110000.0,3,False,False,False,False,True,False,False,True,False,False,True,False,False,18
2017.0,925000,35000.0,1,False,True,False,False,False,False,False,True,False,False,True,False,False,8
2018.0,750000,60000.0,1,False,True,False,False,False,False,False,True,False,False,True,False,False,18
2007.0,200000,54000.0,2,False,False,False,False,True,False,True,False,False,False,True,False,False,9
2010.0,248000,63000.0,2,False,True,False,False,False,False,False,True,False,False,True,False,False,10
2014.0,450000,120000.0,2,False,True,False,False,False,False,False,True,False,False,True,False,False,24
2005.0,80000,120000.0,3,False,False,False,False,True,False,False,True,False,False,True,False,False,10
2014.0,650000,76000.0,2,False,False,False,False,True,False,False,True,False,False,True,False,False,21
2015.0,450000,80000.0,1,False,True,False,False,False,False,False,True,False,False,True,False,False,10
2019.0,650000,25000.0,1,False,True,False,False,False,False,False,True,False,False,True,False,False,10
2016.0,495000,11958.0,1,False,False,False,False,True,False,False,True,False,True,False,False,False,9
2015.0,371000,20000.0,1,False,False,False,False,True,False,False,True,False,True,False,False,False,9
2017.0,1025000,9000.0,1,False,False,False,False,True,False,False,True,False,True,False,False,False,10
2015.0,750000,70000.0,1,False,True,False,False,False,False,False,True,False,False,True,False,False,17
2013.0,600000,120000.0,1,False,True,False,False,False,False,False,True,False,False,True,False,False,23
2007.0,80000,58000.0,2,False,False,False,False,True,False,False,True,False,True,False,False,False,10
2013.0,325000,62200.0,1,False,True,False,False,False,False,False,True,False,False,True,False,False,17
2015.0,350000,53000.0,2,False,True,False,False,False,False,False,True,False,False,True,False,False,6
2017.0,210000,15000.0,2,False,False,False,False,True,False,False,True,False,True,False,False,False,5
2013.0,450000,50000.0,1,False,False,False,False,True,False,False,True,False,False,True,False,False,27
2013.0,1150000,53000.0,1,False,True,False,False,False,False,True,False,False,True,False,False,False,1
2009.0,210000,63500.0,1,False,False,False,False,True,False,True,False,False,True,False,False,False,9
2008.0,175000,29173.0,1,False,False,False,False,True,False,False,True,False,True,False,False,False,18
2017.0,628000,120000.0,1,False,True,False,False,False,False,False,True,False,False,True,False,False,17
2010.0,600000,100000.0,1,False,True,False,False,False,False,False,True,False,False,True,False,False,10
2017.0,399000,30000.0,1,False,False,False,False,True,False,False,True,False,False,True,False,False,21
2018.0,750000,60000.0,1,False,True,False,False,False,False,False,True,False,False,True,False,False,17
2019.0,750000,15000.0,1,False,False,False,False,True,False,False,True,False,False,True,False,False,10
2017.0,315000,16000.0,1,False,False,False,False,True,False,False,True,False,False,True,False,False,23
2012.0,600000,60000.0,1,False,True,False,False,False,False,False,True,False,False,True,False,False,17
2010.0,100000,60000.0,4,False,False,False,False,True,False,False,True,False,False,True,False,False,18
2011.0,250000,110000.0,3,False,False,False,False,True,False,False,True,False,False,True,False,False,18
2017.0,350000,25000.0,1,False,False,False,False,True,False,False,True,False,False,True,False,False,23
2016.0,780000,60000.0,1,False,True,False,False,False,False,False,True,False,False,True,False,False,10
2014.0,434000,79350.0,2,False,True,False,False,False,False,False,True,False,False,True,False,False,18
2016.0,690000,80000.0,1,False,False,False,False,True,False,True,False,False,False,True,False,False,10
2014.0,555000,90000.0,2,False,True,False,False,False,False,False,True,False,False,True,False,False,17
2007.0,120000,60000.0,2,False,False,False,False,True,False,False,True,False,False,True,False,False,18
2014.0,500000,120000.0,2,False,True,False,False,False,False,False,True,False,False,True,False,False,18
2013.0,165000,60000.0,2,False,True,False,False,False,False,False,True,False,False,True,False,False,3
2004.0,95000,50000.0,1,False,True,False,False,False,False,False,True,False,False,True,False,False,18
2018.0,550000,20000.0,1,False,False,False,False,True,False,False,True,False,False,True,False,False,18
2007.0,100000,110000.0,4,False,True,False,False,False,False,False,True,False,False,True,False,False,18
2012.0,100000,50000.0,2,False,False,False,False,True,False,False,True,False,False,True,False,False,25
2012.0,500000,100000.0,1,False,True,False,False,False,False,False,True,False,False,True,False,False,26
2016.0,800000,70000.0,2,False,True,False,False,False,False,False,True,False,False,True,False,False,18
2016.0,840000,70000.0,2,False,True,False,False,False,False,False,True,False,False,True,False,False,10
2016.0,490000,50000.0,1,False,False,False,False,True,False,False,True,False,False,True,False,False,9
2010.0,125000,81000.0,2,False,True,False,False,False,False,False,True,False,False,True,False,False,25
2012.0,400000,120000.0,3,False,True,False,False,False,False,False,True,False,False,True,False,False,3
2014.0,1000000,3600.0,1,False,True,False,False,False,False,False,True,False,True,False,False,False,3
2015.0,530000,60000.0,1,False,False,False,False,True,False,False,True,False,True,False,False,False,8
2017.0,840000,49213.0,1,False,True,False,False,False,False,False,True,False,True,False,False,False,8
2015.0,229999,40000.0,1,False,False,False,False,True,False,False,True,False,False,True,False,False,10
1998.0,40000,40000.0,4,False,False,False,False,True,False,False,True,False,False,True,False,False,18
2012.0,130000,80000.0,1,False,False,False,False,True,False,False,True,False,False,True,False,False,3
2015.0,200000,70000.0,1,False,False,False,False,True,False,False,True,False,False,True,False,False,10
2011.0,120000,70000.0,1,False,True,False,False,False,False,False,True,False,False,True,False,False,25
2003.0,75000,57000.0,1,False,True,False,False,False,False,False,True,False,False,True,False,False,10
2016.0,250000,120000.0,1,False,True,False,False,False,False,False,True,False,False,True,False,False,25
2005.0,100000,30000.0,1,False,False,False,False,True,False,False,True,False,False,True,False,False,18
2013.0,280000,60000.0,2,False,False,False,False,True,False,False,True,False,False,True,False,False,10
2015.0,540000,5000.0,1,False,False,False,False,True,False,False,True,False,False,True,False,False,10
2018.0,700000,10000.0,1,False,False,False,False,True,False,False,True,False,False,True,False,False,10
2015.0,525000,100000.0,1,False,True,False,False,False,False,False,True,False,False,True,False,False,18
2016.0,430000,80000.0,1,False,True,False,False,False,False,False,True,False,False,True,False,False,10
2002.0,65000,60000.0,1,False,False,False,False,True,False,False,True,False,False,True,False,False,10
2018.0,800000,35000.0,1,False,True,False,False,False,False,False,True,False,False,True,False,False,18
2007.0,75000,60000.0,2,False,False,False,False,True,False,False,True,False,False,True,False,False,10
2008.0,210000,53772.0,1,False,False,False,False,True,False,False,True,False,False,True,False,False,10
2012.0,195000,140000.0,2,False,True,False,False,False,False,False,True,False,False,True,False,False,17
2015.0,400000,120000.0,1,False,True,False,False,False,False,False,True,False,False,True,False,False,3
2012.0,170000,60000.0,1,False,False,False,False,True,False,False,True,False,False,True,False,False,10
2016.0,225000,25000.0,1,False,False,False,False,True,False,False,True,False,False,True,False,False,23
2014.0,210000,60000.0,1,False,False,False,True,False,False,False,True,False,False,True,False,False,18
2020.0,240000,120000.0,1,False,False,False,False,True,False,False,True,False,False,True,False,False,18
2011.0,99000,100000.0,3,False,False,False,False,True,False,False,True,False,False,True,False,False,3
2014.0,620000,36000.0,1,False,False,False,False,True,False,False,True,False,False,True,False,False,9
2013.0,500000,30000.0,1,False,True,False,False,False,False,False,True,False,False,True,False,False,9
2013.0,260000,70000.0,2,False,False,False,False,True,False,False,True,False,False,True,False,False,9
2017.0,550000,60000.0,1,False,False,False,False,True,False,False,True,False,False,True,False,False,18
2011.0,150000,155500.0,1,False,True,False,False,False,False,False,True,False,False,True,False,False,25
2011.0,350000,50000.0,2,False,False,False,False,True,False,True,False,False,False,True,False,False,10
2016.0,320000,40000.0,1,False,False,False,False,True,False,False,True,False,False,True,False,False,3
2015.0,400000,100000.0,3,False,True,False,False,False,False,False,True,False,False,True,False,False,18
2012.0,175000,80000.0,3,False,False,False,False,True,False,False,True,False,False,True,False,False,18
2011.0,120000,90000.0,2,False,False,False,False,True,False,False,True,False,False,True,False,False,3
2013.0,320000,90000.0,2,False,True,False,False,False,False,False,True,False,False,True,False,False,23
2006.0,70000,110000.0,3,False,False,False,False,True,False,False,True,False,False,True,False,False,10
2019.0,810000,15000.0,1,False,False,False,False,True,False,False,True,False,False,True,False,False,18
2007.0,95000,60000.0,2,False,False,False,False,True,False,False,True,False,False,True,False,False,18
2020.0,282000,40000.0,1,True,False,False,False,False,False,False,True,False,False,True,False,False,18
2004.0,80000,60000.0,2,False,False,False,False,True,False,False,True,False,False,True,False,False,18
2013.0,72000,25000.0,1,False,False,False,False,True,False,False,True,False,False,True,False,False,25
2016.0,600000,25000.0,1,False,False,False,False,True,False,False,True,False,False,True,False,False,10
2015.0,640000,23000.0,1,False,False,False,False,True,False,False,True,False,False,True,False,False,24
2018.0,380000,22155.0,1,False,False,False,False,True,False,False,True,False,False,True,False,False,18
2018.0,650000,70000.0,1,False,False,False,False,True,False,False,True,False,False,True,False,False,18
2009.0,150000,60000.0,2,False,False,False,False,True,False,False,True,False,False,True,False,False,18
2009.0,280000,110000.0,2,False,False,False,False,True,False,False,True,False,False,True,False,False,10
2018.0,430000,30000.0,1,False,False,False,False,True,False,False,True,False,False,True,False,False,25
2019.0,800000,15000.0,1,False,True,False,False,False,False,False,True,False,False,True,False,False,17
2003.0,75000,100000.0,2,False,True,False,False,False,False,False,True,False,False,True,False,False,18
2016.0,650000,70000.0,1,False,True,False,False,False,False,True,False,False,False,True,False,False,27
2017.0,390000,24000.0,1,False,False,False,False,True,False,False,True,False,False,True,False,False,18
2005.0,100000,120000.0,2,False,False,False,False,True,False,False,True,False,False,True,False,False,9
2007.0,175000,78380.0,1,False,False,False,False,True,False,False,True,False,False,True,False,False,18
2012.0,434999,110000.0,2,False,True,False,False,False,False,False,True,False,False,True,False,False,23
2010.0,170000,90000.0,3,False,True,False,False,False,False,False,True,False,False,True,False,False,8
2011.0,190000,90000.0,3,False,True,False,False,False,False,False,True,False,False,True,False,False,8
2009.0,250000,150000.0,3,False,True,False,False,False,False,False,True,False,False,True,False,False,18
2006.0,140000,70000.0,3,False,False,False,False,True,False,False,True,False,False,True,False,False,18
2017.0,600000,80362.0,1,False,True,False,False,False,False,False,True,False,False,True,False,False,18
2012.0,280000,110000.0,3,False,False,False,False,True,False,False,True,False,False,True,False,False,10
2012.0,150000,60000.0,1,False,True,False,False,False,False,False,True,False,False,True,False,False,3
2015.0,650000,50000.0,1,False,True,False,False,False,False,True,False,False,False,True,False,False,3
2014.0,210000,40000.0,2,False,False,False,False,True,False,False,True,False,False,True,False,False,21
2013.0,425000,20000.0,0,False,True,False,False,False,False,False,True,False,True,False,False,False,3
2014.0,265000,55000.0,1,False,False,False,False,True,False,False,True,False,True,False,False,False,10
2018.0,890000,1136.0,1,False,False,False,False,True,False,False,True,False,True,False,False,False,6
2013.0,365000,55000.0,1,False,False,False,False,True,False,False,True,False,True,False,False,False,23
2014.0,350000,43000.0,1,False,False,False,False,True,False,False,True,False,True,False,False,False,8
2016.0,685000,60000.0,1,False,True,False,False,False,False,False,True,False,False,True,False,False,18
2018.0,940000,2650.0,1,False,True,False,False,False,False,False,True,False,True,False,False,False,24
2017.0,1000000,40000.0,1,False,True,False,False,False,False,False,True,False,False,True,False,False,17
2019.0,1150000,15000.0,1,False,False,False,False,True,False,False,True,False,True,False,False,False,17
2016.0,450000,115962.0,2,False,True,False,False,False,False,False,True,False,False,True,False,False,18
2015.0,590000,65000.0,1,False,True,False,False,False,False,False,True,False,True,False,False,False,21
2017.0,800000,40000.0,1,False,True,False,False,False,False,False,True,False,False,True,False,False,18
2012.0,385000,58000.0,1,False,True,False,False,False,False,False,True,False,True,False,False,False,10
2012.0,235000,54000.0,1,False,False,False,False,True,False,False,True,False,True,False,False,False,10
2017.0,640000,56000.0,1,False,True,False,False,False,False,False,True,False,True,False,False,False,27
2006.0,52000,120000.0,3,False,True,False,False,False,False,False,True,False,False,True,False,False,18
2009.0,80000,90000.0,2,False,True,False,False,False,False,False,True,False,False,True,False,False,18
2012.0,140000,70000.0,2,False,False,False,False,True,False,False,True,False,False,True,False,False,18
2008.0,120000,90000.0,2,False,False,False,False,True,False,False,True,False,False,True,False,False,10
2012.0,180000,120000.0,1,False,True,False,False,False,False,False,True,False,False,True,False,False,3
2017.0,700000,10000.0,1,False,False,False,False,True,False,False,True,False,False,True,False,False,10
2012.0,285000,80000.0,2,False,True,False,False,False,False,False,True,False,False,True,False,False,18
2015.0,390000,90000.0,1,False,False,False,False,True,False,False,True,False,False,True,False,False,10
2008.0,125000,80000.0,1,False,False,False,False,True,False,False,True,False,False,True,False,False,18
2008.0,225000,60000.0,2,False,False,False,False,True,False,False,True,False,False,True,False,False,18
2011.0,175000,139000.0,2,False,False,False,False,True,False,False,True,False,False,True,False,False,10
2011.0,1075000,160000.0,2,False,True,False,False,False,False,False,True,False,False,True,False,False,26
2014.0,300000,150000.0,1,False,True,False,False,False,False,False,True,False,False,True,False,False,9
2010.0,700000,163000.0,4,False,True,False,False,False,False,False,True,False,False,True,False,False,26
2009.0,90000,120000.0,1,False,True,False,False,False,False,False,True,False,True,False,False,False,25
2011.0,120000,120000.0,2,False,True,False,False,False,False,False,True,False,False,True,False,False,25
2012.0,220000,100000.0,2,False,True,False,False,False,False,False,True,False,False,True,False,False,3
2015.0,300000,140000.0,1,False,True,False,False,False,False,False,True,False,True,False,False,False,25
2010.0,180000,87000.0,2,False,True,False,False,False,False,False,True,False,True,False,False,False,24
2013.0,170000,70000.0,1,False,False,False,False,True,False,False,True,False,False,True,False,False,18
2015.0,300000,50000.0,2,False,False,False,False,True,False,False,True,False,False,True,False,False,8
2014.0,1050000,70000.0,1,False,True,False,False,False,False,False,True,False,False,True,False,False,26
2018.0,465000,25000.0,1,False,True,False,False,False,False,False,True,False,False,True,False,False,10
2011.0,130000,80000.0,2,False,True,False,False,False,False,False,True,False,False,True,False,False,3
2018.0,434999,10000.0,1,False,False,False,False,True,False,False,True,False,False,True,False,False,5
2018.0,500000,32000.0,1,False,False,False,False,True,False,False,True,False,False,True,False,False,10
2018.0,200000,10000.0,1,False,False,False,False,True,False,False,True,False,False,True,False,False,18
2017.0,625000,52000.0,1,False,False,False,False,True,False,False,True,False,True,False,False,False,18
2006.0,110000,120000.0,3,False,True,False,False,False,False,False,True,False,False,True,False,False,8
2019.0,800000,11240.0,1,False,False,False,False,True,False,False,True,False,False,True,False,False,10
2017.0,490000,66000.0,1,False,True,False,False,False,False,False,True,False,True,False,False,False,10
2017.0,880000,64000.0,1,False,True,False,False,False,False,False,True,False,True,False,False,False,18
2013.0,290000,49000.0,1,False,False,False,False,True,False,False,True,False,False,True,False,False,10
2006.0,115999,100000.0,2,False,True,False,False,False,False,False,True,False,False,True,False,False,25
2018.0,360000,26500.0,1,False,False,False,False,True,False,False,True,False,False,True,False,False,23
2002.0,65000,100000.0,2,False,False,False,False,True,False,False,True,False,False,True,False,False,18
2017.0,685000,72000.0,1,False,True,False,False,False,False,False,True,False,True,False,False,False,18
2009.0,300000,50000.0,1,False,False,False,False,True,False,False,True,False,False,True,False,False,9
2017.0,680000,44000.0,1,False,True,False,False,False,False,False,True,False,True,False,False,False,10
2017.0,1000000,60000.0,2,False,True,False,False,False,False,False,True,False,False,True,False,False,18
2002.0,100000,120000.0,1,False,True,False,False,False,False,False,True,False,False,True,False,False,25
2010.0,160000,130000.0,1,False,True,False,False,False,False,False,True,False,False,True,False,False,17
2017.0,450000,70000.0,1,False,True,False,False,False,False,False,True,False,False,True,False,False,18
2014.0,600000,20000.0,1,False,False,False,False,True,False,False,True,False,False,True,False,False,18
2009.0,180000,60000.0,2,False,True,False,False,False,False,False,True,False,False,True,False,False,10
2010.0,120000,90000.0,2,False,False,False,False,True,False,False,True,False,False,True,False,False,18
2006.0,130000,80000.0,3,False,False,False,False,True,False,False,True,False,False,True,False,False,10
2011.0,160000,155000.0,1,False,False,False,False,True,False,False,True,False,False,True,False,False,18
2019.0,860000,35000.0,1,False,True,False,False,False,False,False,True,False,False,True,False,False,17
2018.0,650000,60000.0,2,False,False,False,False,True,False,False,True,False,False,True,False,False,10
2010.0,100000,80000.0,2,False,False,False,False,True,False,False,True,False,False,True,False,False,18
2017.0,282000,20000.0,1,False,False,False,False,True,False,False,True,False,False,True,False,False,18
2009.0,300000,50000.0,1,False,False,False,False,True,False,False,True,False,False,True,False,False,10
2010.0,270000,110000.0,2,False,False,False,False,True,False,False,True,False,False,True,False,False,10
2013.0,550000,29000.0,1,False,True,False,False,False,False,False,True,False,False,True,False,False,10
2013.0,450000,120000.0,1,False,True,False,False,False,False,False,True,False,False,True,False,False,17
2011.0,430000,70000.0,2,False,True,False,False,False,False,False,True,False,False,True,False,False,17
2013.0,350000,40000.0,1,False,False,False,False,True,False,False,True,False,False,True,False,False,18
2017.0,350000,20000.0,1,False,False,False,False,True,False,False,True,False,False,True,False,False,9
2013.0,229999,50000.0,2,False,False,False,False,True,False,False,True,False,False,True,False,False,26
2013.0,110000,50000.0,1,False,False,False,False,True,False,False,True,False,False,True,False,False,18
2012.0,395000,49000.0,2,False,False,False,False,True,False,False,True,False,False,True,False,False,18
2011.0,650000,60000.0,2,False,True,False,False,False,False,True,False,False,False,True,False,False,17
2011.0,350000,90000.0,2,False,True,False,False,False,False,False,True,False,False,True,False,False,17
2018.0,360000,60000.0,1,False,False,False,False,True,False,False,True,False,False,True,False,False,25
2015.0,800000,15000.0,1,False,True,False,False,False,False,False,True,False,False,True,False,False,23
2018.0,229999,30000.0,1,False,False,False,False,True,False,False,True,False,False,True,False,False,10
2014.0,315000,41000.0,1,False,False,False,False,True,False,False,True,False,True,False,False,False,18
2012.0,125000,28000.0,1,False,False,False,False,True,False,False,True,False,False,True,False,False,3
2019.0,700000,60000.0,1,False,False,False,False,True,False,False,True,False,False,True,False,False,18
2015.0,160000,70000.0,1,False,False,False,False,True,False,False,True,False,False,True,False,False,10
2017.0,530000,10832.0,1,False,False,False,False,True,False,False,True,False,True,False,False,False,8
2018.0,624000,14681.0,1,False,True,False,False,False,False,False,True,False,True,False,False,False,8
2009.0,250000,50000.0,1,False,False,False,False,True,False,False,True,False,False,True,False,False,10
2016.0,585000,51000.0,1,False,True,False,False,False,False,False,True,False,True,False,False,False,17
2015.0,500000,25000.0,1,False,False,False,False,True,False,False,True,False,False,True,False,False,10
2014.0,350000,30000.0,1,False,False,False,False,True,False,False,True,False,False,True,False,False,3
2014.0,495000,80000.0,1,False,True,False,False,False,False,False,True,False,True,False,False,False,9
2017.0,500000,60000.0,1,False,False,False,False,True,False,False,True,False,False,True,False,False,10
2013.0,345000,44000.0,1,False,False,False,False,True,False,False,True,False,True,False,False,False,10
2015.0,500000,60000.0,1,False,False,False,False,True,False,False,True,False,False,True,False,False,18
2019.0,425000,60000.0,1,False,False,False,False,True,False,False,True,False,False,True,False,False,25
2005.0,80000,40000.0,2,False,False,False,False,True,False,False,True,False,False,True,False,False,18
2011.0,106000,50000.0,1,False,True,False,False,False,False,False,True,False,False,True,False,False,3
2009.0,180000,46730.0,1,False,False,False,False,True,False,False,True,False,False,True,False,False,18
2015.0,250000,40000.0,2,False,False,False,False,True,False,False,True,False,False,True,False,False,5
2011.0,350000,80000.0,1,False,True,False,False,False,False,False,True,False,False,True,False,False,24
2002.0,60000,80000.0,2,False,False,False,False,True,False,False,True,False,False,True,False,False,18
2018.0,900000,24000.0,1,False,True,False,False,False,False,False,True,False,False,True,False,False,10
2017.0,700000,21170.0,1,False,True,False,False,False,False,False,True,False,True,False,False,False,8
2017.0,1000000,40000.0,1,False,True,False,False,False,False,False,True,False,False,True,False,False,18
2007.0,160000,120000.0,3,False,True,False,False,False,False,False,True,False,False,True,False,False,3
2012.0,525000,140000.0,1,False,False,False,False,True,False,True,False,False,False,True,False,False,20
2019.0,800000,30000.0,1,False,True,False,False,False,False,False,True,False,False,True,False,False,18
2017.0,700000,88635.0,1,False,True,False,False,False,False,False,True,False,True,False,False,False,8
2018.0,800000,25000.0,1,False,True,False,False,False,False,False,True,False,False,True,False,False,18
2017.0,575000,20000.0,2,False,False,False,False,True,False,False,True,False,False,True,False,False,10
2012.0,350000,110000.0,2,False,True,False,False,False,False,False,True,False,False,True,False,False,23
2008.0,250000,120000.0,3,False,True,False,False,False,False,False,True,False,False,True,False,False,18
2011.0,600000,149674.0,2,False,True,False,False,False,False,False,True,False,True,False,False,False,8
2007.0,370000,100000.0,3,False,True,False,False,False,False,False,True,False,False,True,False,False,17
2006.0,80000,120000.0,3,False,False,False,False,True,False,False,True,False,False,True,False,False,18
2003.0,50000,120000.0,2,False,True,False,False,False,False,False,True,False,False,True,False,False,25
2018.0,900000,25000.0,1,False,True,False,False,False,False,False,True,False,False,True,False,False,10
2014.0,300000,35000.0,2,False,False,False,False,True,False,False,True,False,False,True,False,False,18
2002.0,125000,40000.0,1,False,False,False,False,True,False,False,True,False,False,True,False,False,25
2015.0,490000,60000.0,2,False,True,False,False,False,False,False,True,False,False,True,False,False,18
2012.0,300000,50000.0,2,False,True,False,False,False,False,False,True,False,False,True,False,False,26
2013.0,55000,25000.0,4,False,False,False,False,True,False,False,True,False,False,True,False,False,25
2016.0,350000,25000.0,1,False,False,False,False,True,False,False,True,False,False,True,False,False,10
2019.0,755000,8000.0,1,False,True,False,False,False,False,False,True,False,False,True,False,False,10
2017.0,720000,60000.0,1,False,True,False,False,False,False,False,True,False,False,True,False,False,18
2018.0,1100000,20000.0,0,False,True,False,False,False,False,False,True,False,False,True,False,False,17
2013.0,400000,100000.0,1,False,False,False,False,True,False,False,True,False,False,True,False,False,27
2015.0,350000,70000.0,2,False,True,False,False,False,False,False,True,False,False,True,False,False,10
2012.0,159000,68000.0,1,False,True,False,False,False,False,False,True,False,True,False,False,False,3
2017.0,550000,38000.0,1,False,False,False,False,True,False,False,True,False,True,False,False,False,18
2013.0,335000,80000.0,1,False,True,False,False,False,False,False,True,False,True,False,False,False,18
2014.0,185000,72000.0,1,True,False,False,False,False,False,False,True,False,True,False,False,False,25
2012.0,229999,75000.0,1,True,False,False,False,False,False,False,True,False,True,False,False,False,18
2014.0,225000,43000.0,1,False,False,False,False,True,False,False,True,False,True,False,False,False,18
2007.0,250000,120000.0,2,False,False,False,False,True,False,False,True,False,False,True,False,False,18
2015.0,400000,100000.0,1,False,True,False,False,False,False,False,True,False,False,True,False,False,25
2014.0,470000,163000.0,1,False,True,False,False,False,False,False,True,False,False,True,False,False,18
2018.0,300000,25000.0,0,False,False,False,False,True,False,True,False,False,False,True,False,False,18
2011.0,145000,25000.0,1,False,False,False,False,True,False,False,True,False,False,True,False,False,18
2007.0,100000,90000.0,2,False,False,False,False,True,False,False,True,False,False,True,False,False,18
2014.0,500000,70000.0,2,False,True,False,False,False,False,False,True,False,False,True,False,False,17
2010.0,130000,98000.0,2,True,False,False,False,False,False,False,True,False,False,True,False,False,10
2010.0,240000,81925.0,1,False,True,False,False,False,False,False,True,False,False,True,False,False,3
2013.0,150000,80000.0,2,False,True,False,False,False,False,False,True,False,False,True,False,False,8
2017.0,270000,40000.0,1,False,False,False,False,True,False,False,True,False,False,True,False,False,23
2014.0,400000,90000.0,0,False,True,False,False,False,False,False,True,False,False,True,False,False,18
2012.0,200000,46000.0,1,False,False,False,False,True,False,False,True,False,False,True,False,False,10
2012.0,550000,80000.0,1,False,True,False,False,False,False,False,True,False,False,True,False,False,17
2018.0,325000,35000.0,1,False,False,False,False,True,False,False,True,False,False,True,False,False,23
2017.0,860000,82080.0,1,False,True,False,False,False,False,True,False,False,False,True,False,False,24
2009.0,125000,60000.0,1,False,False,False,False,True,False,False,True,False,False,True,False,False,3
2000.0,60000,40000.0,3,False,False,False,False,True,False,False,True,False,False,True,False,False,18
2010.0,300000,120000.0,3,False,True,False,False,False,False,False,True,False,False,True,False,False,3
2007.0,190000,60000.0,3,False,False,False,False,True,False,False,True,False,False,True,False,False,8
2013.0,400000,110000.0,1,False,True,False,False,False,False,False,True,False,False,True,False,False,18
2011.0,260000,97000.0,2,False,True,False,False,False,False,False,True,False,False,True,False,False,25
2017.0,400000,30000.0,1,False,False,False,False,True,False,False,True,False,False,True,False,False,18
2010.0,250000,40000.0,1,False,False,False,False,True,False,False,True,False,False,True,False,False,10
2019.0,600000,10000.0,1,False,False,False,False,True,False,False,True,False,False,True,False,False,10
2010.0,175000,52047.0,1,False,False,False,False,True,False,False,True,False,False,True,False,False,18
2019.0,350000,15000.0,2,False,False,False,False,True,False,True,False,False,False,True,False,False,25
2018.0,800000,50000.0,1,False,True,False,False,False,False,False,True,False,False,True,False,False,18
2011.0,250000,70000.0,2,False,False,False,False,True,False,False,True,False,False,True,False,False,18
2019.0,600000,10000.0,1,False,False,False,False,True,False,False,True,False,False,True,False,False,18
2017.0,600000,90000.0,1,False,True,False,False,False,False,False,True,False,False,True,False,False,18
2016.0,130000,40000.0,1,False,False,False,False,True,False,False,True,False,False,True,False,False,18
2006.0,90000,62009.0,2,False,False,False,False,True,False,False,True,False,False,True,False,False,18
2017.0,595000,33100.0,2,False,False,False,False,True,False,False,True,False,False,True,False,False,10
2014.0,190000,40000.0,2,False,False,False,False,True,False,False,True,False,False,True,False,False,10
1999.0,50000,120000.0,2,False,False,False,False,True,False,False,True,False,False,True,False,False,10
2007.0,95000,80000.0,1,False,False,False,False,True,False,False,True,False,False,True,False,False,18
2016.0,1000000,70000.0,1,False,True,False,False,False,False,False,True,False,False,True,False,False,25
2010.0,400000,50000.0,1,False,True,False,False,False,False,False,True,False,False,True,False,False,17
2015.0,315000,45000.0,2,False,False,False,False,True,False,False,True,False,False,True,False,False,5
2014.0,1000000,110000.0,1,False,True,False,False,False,False,False,True,False,False,True,False,False,26
2014.0,500000,49000.0,1,False,True,False,False,False,False,False,True,False,False,True,False,False,8
2017.0,500000,160000.0,1,False,True,False,False,False,False,False,True,False,False,True,False,False,17
2007.0,105000,60000.0,2,False,False,False,False,True,False,False,True,False,False,True,False,False,18
2008.0,400000,110000.0,3,False,True,False,False,False,False,False,True,False,False,True,False,False,8
2004.0,80000,60000.0,3,False,False,False,False,True,False,False,True,False,False,True,False,False,18
2016.0,300000,30000.0,1,False,False,False,False,True,False,False,True,False,False,True,False,False,18
2017.0,409999,40000.0,1,False,True,False,False,False,False,False,True,False,False,True,False,False,17
2009.0,250000,70000.0,1,False,False,False,False,True,False,False,True,False,False,True,False,False,18
2010.0,250000,120000.0,2,False,True,False,False,False,False,False,True,False,False,True,False,False,25
2012.0,215000,80000.0,3,False,True,False,False,False,False,False,True,False,False,True,False,False,18
2018.0,475000,20000.0,1,False,False,False,False,True,False,False,True,False,False,True,False,False,9
2018.0,475000,22000.0,1,False,False,False,False,True,False,False,True,False,False,True,False,False,9
2008.0,75000,35000.0,2,False,False,False,False,True,False,False,True,False,False,True,False,False,3
2013.0,200000,60000.0,2,False,True,False,False,False,False,False,True,False,False,True,False,False,3
2019.0,575000,8000.0,1,False,False,False,False,True,False,False,True,False,False,True,False,False,25
2011.0,150000,40000.0,2,False,True,False,False,False,False,False,True,False,False,True,False,False,18
2018.0,850000,10000.0,1,False,True,False,False,False,False,False,True,False,False,True,False,False,18
2019.0,350000,30000.0,1,False,False,False,False,True,False,False,True,False,False,True,False,False,10
2011.0,550000,54000.0,2,False,True,False,False,False,False,False,True,False,False,True,False,False,8
2017.0,330000,80577.0,1,False,False,False,False,True,False,False,True,False,False,True,False,False,10
2017.0,1044999,25000.0,1,False,True,False,False,False,False,False,True,False,False,True,False,False,9
2011.0,300000,127500.0,2,False,True,False,False,False,False,False,True,False,False,True,False,False,10
2015.0,235000,40903.0,1,False,False,False,False,True,False,False,True,False,True,False,False,False,10
2011.0,120000,60000.0,3,False,False,False,False,True,False,False,True,False,False,True,False,False,8
2004.0,130000,46000.0,1,False,False,False,False,True,False,False,True,False,False,True,False,False,18
2004.0,275000,60000.0,2,False,True,False,False,False,False,False,True,False,True,False,False,False,8
2015.0,500000,30000.0,2,False,True,False,False,False,False,False,True,False,False,True,False,False,27
2015.0,400000,61690.0,1,False,True,False,False,False,False,False,True,False,True,False,False,False,10
2015.0,600000,64484.0,1,False,False,False,False,True,False,False,True,False,True,False,False,False,10
2013.0,400000,60000.0,2,False,True,False,False,False,False,False,True,False,True,False,False,False,23
2011.0,220000,70000.0,2,False,True,False,False,False,False,False,True,False,False,True,False,False,8
2012.0,300000,85962.0,2,False,False,False,False,True,False,False,True,False,True,False,False,False,9
2018.0,250000,120000.0,1,False,False,False,False,True,False,False,True,False,False,True,False,False,18
2015.0,600000,120000.0,1,False,True,False,False,False,False,False,True,False,False,True,False,False,9
2012.0,285000,75000.0,2,False,False,False,False,True,False,True,False,False,False,True,False,False,9
2009.0,350000,57035.0,1,False,False,False,False,True,False,False,True,False,True,False,False,False,9
2011.0,170000,70000.0,3,False,True,False,False,False,False,False,True,False,False,True,False,False,17
2015.0,229999,45000.0,1,False,False,False,False,True,False,False,True,False,False,True,False,False,8
2013.0,500000,72104.0,2,False,True,False,False,False,False,False,True,False,True,False,False,False,17
2011.0,75000,15000.0,1,False,False,False,False,True,False,False,True,False,False,True,False,False,25
2016.0,600000,60000.0,1,False,False,False,False,True,False,False,True,False,False,True,False,False,10
2011.0,220000,80000.0,1,False,True,False,False,False,False,False,True,False,False,True,False,False,25
2009.0,150000,164000.0,2,False,True,False,False,False,False,False,True,False,False,True,False,False,25
2006.0,65000,124439.0,2,False,False,False,False,True,False,False,True,False,False,True,False,False,18
2006.0,120000,77000.0,2,False,False,False,False,True,False,False,True,False,False,True,False,False,18
2014.0,240000,90000.0,1,False,True,False,False,False,False,False,True,False,False,True,False,False,18
2017.0,390000,30000.0,1,False,False,False,False,True,False,False,True,False,False,True,False,False,23
2012.0,180000,50000.0,1,False,False,False,False,True,False,False,True,False,False,True,False,False,3
2012.0,320000,80000.0,2,False,True,False,False,False,False,False,True,False,False,True,False,False,18
2018.0,310000,5000.0,1,False,False,False,False,True,False,False,True,False,False,True,False,False,18
2018.0,420000,24000.0,1,False,True,False,False,False,False,True,False,False,False,True,False,False,18
2019.0,550000,10000.0,1,False,False,False,False,True,False,False,True,False,False,True,False,False,25
2016.0,550000,78000.0,3,False,True,False,False,False,False,False,True,False,False,True,False,False,18
2018.0,760000,50000.0,1,False,True,False,False,False,False,False,True,False,False,True,False,False,17
2001.0,43000,60000.0,2,False,False,False,False,True,False,False,True,False,False,True,False,False,18
2018.0,250000,20000.0,1,False,False,False,False,True,False,False,True,False,False,True,False,False,18
2019.0,500000,1250.0,1,False,False,False,False,True,False,False,True,False,False,True,False,False,10
2015.0,380000,17152.0,1,False,False,False,False,True,False,False,True,False,False,True,False,False,25
2012.0,350000,77000.0,1,False,True,False,False,False,False,False,True,False,False,True,False,False,27
2008.0,195000,90000.0,2,False,True,False,False,False,False,False,True,False,False,True,False,False,10
2011.0,225000,80000.0,2,False,False,False,False,True,False,False,True,False,False,True,False,False,3
2015.0,1125000,65000.0,1,False,True,False,False,False,False,False,True,False,False,True,False,False,26
2011.0,133000,80000.0,1,False,True,False,False,False,False,False,True,False,False,True,False,False,25
2013.0,200000,24005.0,1,False,False,False,False,True,False,False,True,False,False,True,False,False,10
2018.0,940000,20000.0,1,False,True,False,False,False,False,False,True,False,False,True,False,False,18
2014.0,400000,120000.0,1,False,True,False,False,False,False,False,True,False,False,True,False,False,23
2009.0,120000,120000.0,2,False,False,False,False,True,False,False,True,False,False,True,False,False,10
2015.0,625000,60000.0,1,False,True,False,False,False,False,False,True,False,False,True,False,False,18
2005.0,110000,80000.0,1,False,False,False,False,True,False,False,True,False,False,True,False,False,18
2012.0,490000,100000.0,1,False,True,False,False,False,False,False,True,False,False,True,False,False,23
2009.0,140000,120000.0,2,False,False,False,False,True,False,False,True,False,False,True,False,False,18
2011.0,175000,149000.0,2,False,True,False,False,False,False,False,True,False,False,True,False,False,8
2005.0,90000,65000.0,2,False,False,False,False,True,False,False,True,False,False,True,False,False,18
2009.0,275000,100000.0,2,False,True,False,False,False,False,False,True,False,False,True,False,False,18
2011.0,300000,65000.0,2,False,True,False,False,False,False,False,True,False,False,True,False,False,27
2018.0,270000,19000.0,2,False,False,False,False,True,False,False,True,False,False,True,False,False,5
2010.0,130000,80000.0,2,False,False,False,False,True,False,False,True,False,False,True,False,False,3
2015.0,275000,30000.0,1,False,False,False,False,True,False,False,True,False,False,True,False,False,18
2012.0,352000,109000.0,1,False,True,False,False,False,False,False,True,False,False,True,False,False,18
2012.0,180000,90000.0,1,False,False,False,True,False,False,False,True,False,False,True,False,False,10
2012.0,150000,90000.0,1,False,False,False,False,True,False,False,True,False,False,True,False,False,18
2010.0,300000,110000.0,2,False,True,False,False,False,False,False,True,False,False,True,False,False,18
2007.0,225000,120000.0,1,False,True,False,False,False,False,False,True,False,False,True,False,False,17
2014.0,600000,44000.0,1,False,True,False,False,False,False,False,True,False,False,True,False,False,9
2015.0,500000,80000.0,1,False,False,False,False,True,False,False,True,False,False,True,False,False,18
2018.0,900000,5000.0,1,False,False,False,False,True,False,False,True,False,False,True,False,False,9
2016.0,600000,61000.0,1,False,False,False,False,True,False,False,True,False,False,True,False,False,10
2011.0,450000,100000.0,2,False,True,False,False,False,False,False,True,False,False,True,False,False,26
2009.0,270000,27633.0,1,False,False,False,False,True,False,False,True,False,False,True,False,False,10
2010.0,310000,100000.0,3,False,True,False,False,False,False,False,True,False,False,True,False,False,18
2012.0,250000,100000.0,1,False,False,False,True,False,False,False,True,False,False,True,False,False,10
2019.0,700000,12586.0,1,False,False,False,False,True,False,False,True,False,True,False,False,False,8
2018.0,650000,38083.0,1,False,True,False,False,False,False,False,True,False,True,False,False,False,6
2012.0,400000,55328.0,1,False,True,False,False,False,False,False,True,False,True,False,False,False,8
2012.0,425000,81632.0,1,False,True,False,False,False,False,False,True,False,True,False,False,False,8
2016.0,600000,155201.0,1,False,True,False,False,False,False,False,True,False,True,False,False,False,8
2013.0,600000,93283.0,1,False,True,False,False,False,False,False,True,False,True,False,False,False,8
2012.0,450000,90165.0,1,False,True,False,False,False,False,False,True,False,True,False,False,False,8
2014.0,750000,101504.0,1,False,True,False,False,False,False,False,True,False,True,False,False,False,8
2010.0,325000,60000.0,2,False,True,False,False,False,False,False,True,False,True,False,False,False,8
2013.0,900000,85036.0,2,False,True,False,False,False,False,False,True,False,True,False,False,False,17
2006.0,180000,91086.0,2,False,False,False,False,True,False,False,True,False,True,False,False,False,8
2013.0,350000,160254.0,2,False,True,False,False,False,False,False,True,False,True,False,False,False,6
2013.0,600000,125531.0,2,False,True,False,False,False,False,False,True,False,True,False,False,False,8
2019.0,900000,60000.0,1,False,True,False,False,False,False,False,True,False,False,True,False,False,9
2006.0,350000,60000.0,1,False,True,False,False,False,False,False,True,False,False,True,False,False,24
2013.0,280000,90000.0,3,False,True,False,False,False,False,False,True,False,False,True,False,False,18
2009.0,225000,120000.0,2,False,True,False,False,False,False,False,True,False,False,True,False,False,17
2014.0,520000,82000.0,1,False,True,False,False,False,False,False,True,False,False,True,False,False,9
2016.0,509999,60000.0,1,False,True,False,False,False,False,False,True,False,False,True,False,False,17
2019.0,556000,24000.0,1,False,False,False,False,True,False,False,True,False,False,True,False,False,18
2014.0,225000,120000.0,1,False,True,False,False,False,False,False,True,False,False,True,False,False,25
2013.0,325000,65000.0,1,False,True,False,False,False,False,False,True,False,True,False,False,False,9
2013.0,365000,65000.0,1,False,True,False,False,False,False,False,True,False,True,False,False,False,18
2015.0,850000,84000.0,1,False,True,False,False,False,False,False,True,False,True,False,False,False,10
2013.0,350000,75000.0,1,False,True,False,False,False,False,False,True,False,True,False,False,False,26
2007.0,225000,50000.0,0,False,True,False,False,False,False,False,True,False,True,False,False,False,18
2011.0,135000,50000.0,1,False,False,False,False,True,False,False,True,False,False,True,False,False,18
2007.0,140000,49000.0,1,False,False,False,False,True,False,False,True,False,True,False,False,False,18
2015.0,275000,14365.0,1,False,False,False,False,True,False,False,True,False,True,False,False,False,23
2013.0,484999,65000.0,1,False,True,False,False,False,False,False,True,False,True,False,False,False,10
2015.0,565000,65000.0,1,False,True,False,False,False,False,False,True,False,True,False,False,False,18
2013.0,425000,61083.0,1,False,True,False,False,False,False,False,True,False,True,False,False,False,18
2013.0,925000,75000.0,0,False,True,False,False,False,False,False,True,False,False,True,False,False,26
2012.0,565000,72000.0,1,False,True,False,False,False,False,False,True,False,True,False,False,False,17
2014.0,525000,65000.0,1,False,True,False,False,False,False,False,True,False,True,False,False,False,23
2015.0,295000,21000.0,2,False,False,False,False,True,False,False,True,False,True,False,False,False,10
2017.0,1100000,10000.0,1,False,False,False,False,True,False,True,False,False,False,True,False,False,10
2016.0,670000,7104.0,1,False,False,False,False,True,False,False,True,False,False,False,True,False,18
2015.0,750000,45974.0,1,False,True,False,False,False,False,False,True,False,False,False,True,False,18
2015.0,760000,55340.0,1,False,False,False,False,True,False,False,True,False,False,False,True,False,10
2017.0,850000,20000.0,2,False,False,False,False,True,False,True,False,False,True,False,False,False,27
2015.0,390000,60000.0,1,False,True,False,False,False,False,False,True,False,False,False,True,False,23
2016.0,450000,39415.0,2,False,False,False,False,True,False,True,False,False,False,False,True,False,18
2014.0,425000,29654.0,1,False,False,False,False,True,False,False,True,False,False,False,True,False,9
2016.0,770000,64672.0,1,False,True,False,False,False,False,False,True,False,False,False,True,False,18
2015.0,1150000,54634.0,2,False,True,False,False,False,False,True,False,False,False,False,True,False,10
2015.0,775000,66521.0,1,False,False,False,False,True,False,False,True,False,False,False,True,False,9
2013.0,450000,1000.0,2,False,True,False,False,False,False,False,True,False,True,False,False,False,23
2016.0,535000,52600.0,1,False,True,False,False,False,False,False,True,False,False,True,False,False,10
2012.0,225000,110000.0,2,False,False,False,False,True,False,False,True,False,False,True,False,False,18
2017.0,550000,19890.0,1,False,False,False,False,True,False,True,False,False,True,False,False,False,10
2015.0,625000,11918.0,1,False,False,False,False,True,False,False,True,False,False,False,True,False,18
2017.0,520000,10510.0,1,False,False,False,False,True,False,True,False,False,True,False,False,False,10
2016.0,239000,41000.0,1,False,False,False,False,True,False,False,True,False,True,False,False,False,3
2012.0,229999,49824.0,1,False,False,False,False,True,False,False,True,False,True,False,False,False,10
2005.0,80000,56580.0,1,False,False,False,False,True,False,False,True,False,True,False,False,False,10
2012.0,385000,52000.0,1,False,True,False,False,False,False,False,True,False,True,False,False,False,24
2017.0,600000,46507.0,1,False,True,False,False,False,False,False,True,False,False,False,True,False,18
2015.0,760000,55340.0,1,False,False,False,False,True,False,False,True,False,False,True,False,False,10
2015.0,625000,60000.0,1,False,False,False,False,True,False,False,True,False,False,False,True,False,18
2015.0,750000,60000.0,1,False,True,False,False,False,False,False,True,False,False,False,True,False,18
2014.0,239000,41000.0,1,False,False,False,False,True,False,False,True,False,True,False,False,False,3
2005.0,80000,56580.0,0,False,False,False,False,True,False,False,True,False,True,False,False,False,10
2015.0,760000,60000.0,1,False,False,False,False,True,False,False,True,False,False,False,True,False,10
2014.0,350000,50000.0,2,False,False,False,False,True,False,False,True,False,False,True,False,False,10
2014.0,114999,30000.0,1,False,False,False,False,True,False,False,True,False,False,True,False,False,18
2013.0,380000,50000.0,2,False,False,False,False,True,False,False,True,False,False,True,False,False,10
1995.0,95000,100000.0,2,False,False,False,False,True,False,False,True,False,False,True,False,False,18
2016.0,900000,35000.0,1,False,True,False,False,False,False,False,True,False,False,True,False,False,17
2012.0,200999,90000.0,2,False,False,False,False,True,False,False,True,False,False,True,False,False,3
2014.0,229999,11451.0,1,False,False,False,False,True,False,False,True,False,False,True,False,False,18
2019.0,800000,60000.0,1,False,True,False,False,False,False,False,True,False,False,True,False,False,25
2018.0,600000,60000.0,1,False,True,False,False,False,False,False,True,False,False,True,False,False,18
2005.0,150000,150000.0,1,False,True,False,False,False,False,False,True,False,False,True,False,False,3
2009.0,150000,66000.0,1,False,True,False,False,False,False,False,True,False,False,True,False,False,3
2014.0,380000,5000.0,1,False,False,False,False,True,False,False,True,False,False,True,False,False,18
2006.0,80000,66508.0,2,False,False,False,False,True,False,False,True,False,False,True,False,False,18
2007.0,225000,55000.0,2,False,False,False,False,True,False,False,True,False,False,True,False,False,9
2012.0,75000,29900.0,1,False,False,False,False,True,False,False,True,False,False,True,False,False,25
2012.0,185000,85000.0,1,False,True,False,False,False,False,False,True,False,False,True,False,False,25
2011.0,425000,50000.0,1,False,True,False,False,False,False,False,True,False,False,True,False,False,17
2010.0,100000,120000.0,2,False,True,False,False,False,False,False,True,False,False,True,False,False,25
2008.0,140000,90000.0,3,False,False,False,False,True,False,False,True,False,False,True,False,False,18
2017.0,710000,8000.0,1,False,False,False,False,True,False,True,False,False,False,True,False,False,18
2015.0,450000,7900.0,1,False,False,False,False,True,False,True,False,False,False,True,False,False,9
2017.0,210000,50000.0,1,False,False,False,False,True,False,False,True,False,False,True,False,False,5
2016.0,270000,25000.0,1,False,False,False,False,True,False,False,True,False,False,True,False,False,18
2009.0,110000,20000.0,1,False,False,False,False,True,False,False,True,False,False,True,False,False,18
2018.0,540000,17500.0,1,False,False,False,False,True,False,False,True,False,False,True,False,False,18
2008.0,145000,25000.0,1,False,False,False,False,True,False,False,True,False,False,True,False,False,17
2013.0,250000,88600.0,1,False,False,False,True,False,False,False,True,False,False,True,False,False,10
2012.0,110000,80000.0,1,False,True,False,False,False,False,False,True,False,False,True,False,False,25
2008.0,250000,100000.0,4,False,True,False,False,False,False,False,True,False,False,True,False,False,3
2010.0,140000,60000.0,1,False,False,False,False,True,False,False,True,False,False,True,False,False,3
2019.0,925000,11000.0,1,False,False,False,False,True,False,False,True,False,False,True,False,False,18
2017.0,969999,30000.0,1,False,True,False,False,False,False,False,True,False,False,True,False,False,25
2007.0,90000,80000.0,3,True,False,False,False,False,False,False,True,False,False,True,False,False,10
2001.0,55000,60000.0,3,False,False,False,False,True,False,False,True,False,False,True,False,False,10
2007.0,155000,100000.0,4,False,True,False,False,False,False,False,True,False,False,True,False,False,10
2019.0,900000,15000.0,1,False,True,False,False,False,False,False,True,False,False,True,False,False,17
2011.0,135000,90000.0,1,False,False,False,False,True,False,False,True,False,False,True,False,False,18
2012.0,180000,120000.0,1,False,False,False,False,True,False,False,True,False,False,True,False,False,18
2013.0,495000,100000.0,2,False,True,False,False,False,False,False,True,False,False,True,False,False,10
2009.0,400000,138000.0,3,False,True,False,False,False,False,False,True,False,False,True,False,False,26
2008.0,250000,110000.0,2,False,True,False,False,False,False,False,True,False,False,True,False,False,10
2015.0,138000,120000.0,4,False,False,False,False,True,False,False,True,False,False,True,False,False,18
2011.0,311000,70000.0,2,False,False,False,False,True,False,True,False,False,False,True,False,False,9
2015.0,190000,70000.0,1,False,False,False,False,True,False,False,True,False,False,True,False,False,18
2011.0,311000,140000.0,1,False,True,False,False,False,False,False,True,False,False,True,False,False,17
2009.0,300000,15000.0,1,False,False,False,False,True,False,False,True,False,False,True,False,False,18
2014.0,600000,20000.0,1,False,False,False,False,True,False,False,True,False,False,True,False,False,9
2009.0,550000,100000.0,1,False,True,False,False,False,False,False,True,False,False,True,False,False,17
2015.0,600000,70000.0,1,False,False,False,False,True,False,True,False,False,False,True,False,False,24
2018.0,195000,5000.0,1,False,False,False,False,True,False,False,True,False,False,True,False,False,18
2013.0,58000,27974.0,1,False,False,False,False,True,False,False,True,False,False,True,False,False,25
2018.0,183000,40000.0,1,False,False,False,False,True,False,False,True,False,False,True,False,False,18
2013.0,250000,38000.0,1,False,False,False,False,True,False,False,True,False,False,True,False,False,18
2014.0,400000,35000.0,1,False,False,False,False,True,False,False,True,False,False,True,False,False,25
2012.0,409999,60000.0,2,False,True,False,False,False,False,False,True,False,False,True,False,False,10
2004.0,120000,120000.0,2,False,True,False,False,False,False,False,True,False,False,True,False,False,24
2018.0,600000,18000.0,1,False,False,False,False,True,False,True,False,False,False,True,False,False,18
2016.0,600000,60000.0,1,False,False,False,False,True,False,False,True,False,False,True,False,False,9
2015.0,825000,90000.0,3,False,True,False,False,False,False,False,True,False,False,True,False,False,17
2016.0,625000,80000.0,2,False,True,False,False,False,False,False,True,False,False,True,False,False,26
2020.0,700000,1400.0,1,False,True,False,False,False,False,False,True,False,False,True,False,False,10
2011.0,160000,60000.0,1,False,False,False,False,True,False,False,True,False,False,True,False,False,3
2011.0,114999,60000.0,3,False,False,False,False,True,False,False,True,False,False,True,False,False,18
2009.0,150000,53000.0,1,False,False,False,False,True,False,False,True,False,False,True,False,False,18
2010.0,250000,100000.0,1,False,True,False,False,False,False,False,True,False,True,False,False,False,27
2012.0,390000,86000.0,2,False,True,False,False,False,False,False,True,False,False,True,False,False,10
2015.0,650000,100000.0,1,False,True,False,False,False,False,False,True,False,False,True,False,False,23
2016.0,600000,30000.0,1,False,True,False,False,False,False,False,True,False,False,True,False,False,10
2011.0,250000,120000.0,1,False,False,False,False,True,False,False,True,False,False,True,False,False,10
2011.0,229999,60000.0,2,False,False,False,True,False,False,False,True,False,False,True,False,False,10
2016.0,299000,50000.0,2,False,True,False,False,False,False,False,True,False,False,True,False,False,18
2010.0,330000,124000.0,2,False,True,False,False,False,False,False,True,False,False,True,False,False,3
2012.0,180000,100000.0,3,False,False,False,False,True,False,False,True,False,False,True,False,False,10
2017.0,475000,42000.0,1,False,False,False,False,True,False,False,True,False,False,True,False,False,10
2015.0,325000,100000.0,1,False,True,False,False,False,False,False,True,False,False,True,False,False,10
2016.0,639000,28205.0,1,False,False,False,False,True,False,False,True,False,True,False,False,False,9
2017.0,415000,32670.0,1,False,False,False,False,True,False,True,False,False,True,False,False,False,18
2016.0,1199000,30093.0,1,False,True,False,False,False,False,True,False,False,True,False,False,False,10
2013.0,525000,56228.0,1,True,False,False,False,False,False,False,True,False,True,False,False,False,18
2013.0,425000,59319.0,1,False,False,False,False,True,False,False,True,False,True,False,False,False,10
2016.0,699000,39503.0,1,False,True,False,False,False,False,False,True,False,True,False,False,False,18
2013.0,325000,35299.0,1,False,False,False,False,True,False,False,True,False,True,False,False,False,10
2011.0,275000,51687.0,1,False,False,False,False,True,False,False,True,False,True,False,False,False,26
2011.0,269000,76259.0,1,False,False,False,False,True,False,True,False,False,True,False,False,False,27
2013.0,399000,44049.0,1,False,True,False,False,False,False,False,True,False,True,False,False,False,27
2017.0,475000,45087.0,1,False,True,False,False,False,False,False,True,False,True,False,False,False,17
2011.0,249000,41125.0,1,False,False,False,False,True,False,False,True,False,True,False,False,False,26
2011.0,254999,54206.0,1,False,False,False,False,True,False,False,True,False,True,False,False,False,27
2012.0,269000,52547.0,1,False,False,False,False,True,False,False,True,False,True,False,False,False,24
2014.0,665000,59110.0,0,False,True,False,False,False,False,False,True,False,True,False,False,False,18
2014.0,299000,54565.0,1,False,False,False,False,True,False,False,True,False,True,False,False,False,18
2010.0,265000,47564.0,2,False,False,False,False,True,False,False,True,False,True,False,False,False,10
2010.0,211000,45143.0,2,False,False,False,False,True,False,False,True,False,True,False,False,False,27
2013.0,599000,61624.0,2,False,False,False,False,True,False,True,False,False,True,False,False,False,24
2014.0,550000,50000.0,1,False,True,False,False,False,False,False,True,False,False,True,False,False,10
2010.0,220000,120000.0,2,False,True,False,False,False,False,False,True,False,False,True,False,False,25
2019.0,500000,20000.0,1,False,False,False,False,True,False,False,True,False,False,True,False,False,18
2010.0,140000,60000.0,1,False,False,False,False,True,False,False,True,False,False,True,False,False,18
2013.0,325000,60000.0,1,False,True,False,False,False,False,False,True,False,False,True,False,False,18
2010.0,210000,90000.0,3,False,False,False,False,True,False,False,True,False,False,True,False,False,10
2008.0,110000,90000.0,2,False,False,False,False,True,False,False,True,False,False,True,False,False,18
2019.0,1200000,25000.0,1,False,True,False,False,False,False,False,True,False,False,True,False,False,10
2017.0,229999,40000.0,1,False,False,False,False,True,False,False,True,False,False,True,False,False,18
2006.0,165000,132000.0,1,False,False,False,False,True,False,False,True,False,False,True,False,False,18
2018.0,525000,10980.0,1,False,False,False,False,True,False,True,False,False,True,False,False,False,25
2018.0,325000,20629.0,1,False,False,False,False,True,False,False,True,False,True,False,False,False,10
2015.0,400000,30000.0,1,False,False,False,False,True,False,True,False,False,False,True,False,False,10
2015.0,550000,69782.0,1,False,False,False,False,True,False,False,True,False,True,False,False,False,18
2003.0,98000,54000.0,1,False,False,False,False,True,False,False,True,False,False,True,False,False,18
2013.0,900000,63654.0,1,False,True,False,False,False,False,False,True,False,True,False,False,False,17
2017.0,700000,60000.0,1,False,True,False,False,False,False,False,True,False,False,True,False,False,23
2015.0,890000,52000.0,1,False,True,False,False,False,False,False,True,False,True,False,False,False,17
2015.0,490000,59385.0,1,False,True,False,False,False,False,False,True,False,True,False,False,False,18
2015.0,525000,70378.0,1,False,False,False,False,True,False,False,True,False,True,False,False,False,10
2013.0,330000,55425.0,1,False,False,False,False,True,False,False,True,False,True,False,False,False,18
2013.0,550000,78413.0,2,False,True,False,False,False,False,False,True,False,True,False,False,False,17
2018.0,790000,40890.0,1,False,True,False,False,False,False,False,True,False,True,False,False,False,17
2015.0,350000,34823.0,2,False,False,False,False,True,False,False,True,False,True,False,False,False,9
2017.0,750000,55545.0,1,False,True,False,False,False,False,False,True,False,True,False,False,False,18
2014.0,409999,60000.0,1,False,True,False,False,False,False,False,True,False,True,False,False,False,9
2016.0,220000,43700.0,1,False,False,False,False,True,False,False,True,False,False,True,False,False,10
2009.0,68000,120000.0,2,False,False,False,False,True,False,False,True,False,False,True,False,False,25
2017.0,290000,20000.0,1,False,False,False,False,True,False,False,True,False,False,True,False,False,10
2014.0,600000,27483.0,1,False,True,False,False,False,False,False,True,False,True,False,False,False,9
2019.0,470000,8000.0,1,False,False,False,False,True,False,False,True,False,False,True,False,False,18
2008.0,150000,30000.0,1,False,False,False,False,True,False,False,True,False,False,True,False,False,10
2014.0,180000,56207.0,2,False,True,False,False,False,False,False,True,False,True,False,False,False,18
2006.0,80000,70000.0,1,False,False,False,False,True,False,False,True,False,False,True,False,False,18
2018.0,875000,1440.0,1,False,False,False,False,True,False,False,True,False,False,True,False,False,9
2019.0,300000,50000.0,1,False,False,False,False,True,False,False,True,False,False,True,False,False,18
2011.0,220000,63657.0,1,False,True,False,False,False,False,False,True,False,True,False,False,False,27
2013.0,250000,60000.0,1,False,True,False,False,False,False,False,True,False,False,True,False,False,17
2016.0,919999,75000.0,1,False,True,False,False,False,False,False,True,False,True,False,False,False,26
2013.0,380000,97248.0,1,False,False,False,False,True,False,False,True,False,True,False,False,False,27
2012.0,450000,46000.0,1,False,True,False,False,False,False,False,True,False,False,True,False,False,18
2016.0,770000,10000.0,1,False,False,False,False,True,False,True,False,False,False,True,False,False,10
2018.0,550000,80000.0,1,False,True,False,False,False,False,False,True,False,False,True,False,False,18
2011.0,320000,100000.0,2,False,True,False,False,False,False,False,True,False,False,True,False,False,25
2013.0,400000,35000.0,1,False,False,False,False,True,False,False,True,False,False,True,False,False,18
2017.0,450000,50000.0,1,False,True,False,False,False,False,True,False,False,False,True,False,False,18
2011.0,220000,90000.0,3,False,True,False,False,False,False,False,True,False,False,True,False,False,18
2012.0,400000,150000.0,2,False,True,False,False,False,False,False,True,False,False,True,False,False,17
2013.0,530000,89000.0,2,False,False,False,False,True,False,False,True,False,False,True,False,False,10
2014.0,390000,60000.0,2,False,True,False,False,False,False,False,True,False,False,True,False,False,18
2012.0,185000,100000.0,2,False,True,False,False,False,False,False,True,False,False,True,False,False,6
2012.0,300000,100000.0,2,False,False,False,False,True,False,False,True,False,False,True,False,False,18
2014.0,575000,90000.0,2,False,True,False,False,False,False,False,True,False,False,True,False,False,18
2014.0,300000,75000.0,1,False,False,False,False,True,False,False,True,False,False,True,False,False,18
2017.0,425000,36000.0,1,False,True,False,False,False,False,False,True,False,True,False,False,False,26
2016.0,350000,12000.0,1,False,False,False,False,True,False,False,True,False,False,True,False,False,10
2017.0,550000,12997.0,1,False,True,False,False,False,False,False,True,False,True,False,False,False,9
2017.0,500000,40000.0,1,False,False,False,False,True,False,True,False,False,False,True,False,False,18
2015.0,600000,60000.0,1,False,True,False,False,False,False,False,True,False,False,True,False,False,17
2013.0,300000,25000.0,2,False,True,False,False,False,False,False,True,False,False,True,False,False,17
2018.0,1150000,26430.0,1,False,True,False,False,False,False,False,True,False,True,False,False,False,10
2015.0,475000,24600.0,1,False,False,False,False,True,False,False,True,False,True,False,False,False,18
2011.0,260000,28481.0,1,False,False,False,False,True,False,False,True,False,True,False,False,False,18
2013.0,350000,100000.0,1,False,False,False,False,True,False,False,True,False,False,True,False,False,8
2013.0,750000,41988.0,1,False,True,False,False,False,False,False,True,False,True,False,False,False,17
2009.0,180000,30375.0,1,False,False,False,False,True,False,False,True,False,True,False,False,False,18
2017.0,350000,7658.0,1,False,False,False,False,True,False,True,False,False,True,False,False,False,23
2017.0,611000,34400.0,1,False,True,False,False,False,False,False,True,False,True,False,False,False,18
2017.0,325000,18500.0,1,False,False,False,False,True,False,False,True,False,True,False,False,False,23
2012.0,225000,48000.0,0,False,False,False,False,True,False,False,True,False,True,False,False,False,10
2014.0,300000,28942.0,1,False,False,False,False,True,False,True,False,False,True,False,False,False,18
2017.0,400000,50000.0,2,False,True,False,False,False,False,False,True,False,False,True,False,False,17
2012.0,711000,53600.0,1,False,True,False,False,False,False,False,True,False,True,False,False,False,17
2015.0,851000,53652.0,1,False,True,False,False,False,False,False,True,False,True,False,False,False,26
2014.0,500000,25000.0,1,False,False,False,False,True,False,False,True,False,False,True,False,False,18
2007.0,250000,60000.0,0,False,True,False,False,False,False,False,True,False,False,True,False,False,26
2017.0,150000,50000.0,1,False,False,False,False,True,False,False,True,False,False,True,False,False,18
2016.0,610000,15000.0,2,False,True,False,False,False,False,False,True,False,False,True,False,False,17
2018.0,450000,5000.0,1,False,True,False,False,False,False,False,True,False,False,True,False,False,17
2017.0,744000,106000.0,1,False,True,False,False,False,False,False,True,False,False,True,False,False,10
2008.0,120000,100000.0,0,False,False,False,False,True,False,False,True,False,False,True,False,False,3
2016.0,220000,60000.0,3,False,False,False,False,True,False,False,True,False,False,True,False,False,23
2012.0,480000,120000.0,4,False,True,False,False,False,False,False,True,False,False,True,False,False,18
2017.0,370000,82000.0,1,False,False,False,False,True,False,True,False,False,False,True,False,False,18
2003.0,55000,35000.0,2,False,True,False,False,False,False,False,True,False,False,True,False,False,6
2011.0,260000,125000.0,3,False,True,False,False,False,False,False,True,False,False,True,False,False,10
2015.0,350000,130000.0,1,False,True,False,False,False,False,False,True,False,False,True,False,False,6
2012.0,170000,97000.0,2,True,False,False,False,False,False,False,True,False,False,True,False,False,18
2015.0,350000,90000.0,2,False,False,False,False,True,False,False,True,False,False,True,False,False,10
2009.0,250000,60000.0,3,False,False,False,False,True,False,False,True,False,False,True,False,False,18
2013.0,170000,60000.0,1,False,True,False,False,False,False,False,True,False,False,True,False,False,25
2019.0,550000,60000.0,1,False,False,False,False,True,False,False,True,False,False,True,False,False,10
2017.0,400000,15000.0,1,False,False,False,False,True,False,False,True,False,False,True,False,False,9
2011.0,120000,20000.0,1,False,False,False,False,True,False,False,True,False,False,True,False,False,25
2010.0,275000,70000.0,1,False,False,False,False,True,False,False,True,False,False,True,False,False,8
2016.0,285000,90000.0,1,False,False,False,False,True,False,False,True,False,False,True,False,False,25
2016.0,900000,80000.0,1,False,True,False,False,False,False,False,True,False,False,True,False,False,10
2013.0,620000,70000.0,2,False,True,False,False,False,False,False,True,False,False,True,False,False,10
2018.0,650000,15000.0,1,False,False,False,False,True,False,False,True,False,False,True,False,False,8
2014.0,500000,35000.0,1,False,False,False,False,True,False,False,True,False,False,True,False,False,18
2009.0,250000,120000.0,2,False,True,False,False,False,False,False,True,False,False,True,False,False,25
2018.0,950000,15000.0,2,False,True,False,False,False,False,False,True,False,False,True,False,False,17
2015.0,320000,60000.0,1,False,False,False,False,True,False,False,True,False,False,True,False,False,26
2013.0,450000,120000.0,1,False,True,False,False,False,False,False,True,False,False,True,False,False,23
2016.0,350000,90000.0,1,False,True,False,False,False,False,False,True,False,False,True,False,False,17
2015.0,400000,90000.0,1,False,False,False,False,True,False,False,True,False,False,True,False,False,18
2009.0,250000,72000.0,2,False,True,False,False,False,False,False,True,False,False,True,False,False,10
1999.0,85000,70000.0,2,False,False,False,False,True,False,False,True,False,False,True,False,False,18
2001.0,52000,50000.0,3,False,False,False,False,True,False,False,True,False,False,True,False,False,10
2017.0,1200000,50000.0,1,False,True,False,False,False,False,True,False,False,False,True,False,False,25
2011.0,450000,60000.0,3,False,False,False,False,True,False,True,False,False,False,True,False,False,10
2018.0,615000,40000.0,1,False,False,False,False,True,False,False,True,False,False,True,False,False,18
2012.0,400000,60000.0,2,False,True,False,False,False,False,False,True,False,False,True,False,False,18
2013.0,60000,40000.0,1,False,False,False,False,True,False,False,True,False,False,True,False,False,25
2017.0,500000,60000.0,1,False,False,False,False,True,False,False,True,False,False,True,False,False,18
2015.0,600000,45000.0,1,False,False,False,False,True,False,False,True,False,False,True,False,False,9
2010.0,110000,110000.0,1,False,False,False,False,True,False,False,True,False,False,True,False,False,10
2013.0,175000,80000.0,1,False,False,False,False,True,False,False,True,False,False,True,False,False,10
2011.0,325000,100000.0,2,False,True,False,False,False,False,False,True,False,False,True,False,False,8
2017.0,425000,90000.0,1,False,True,False,False,False,False,False,True,False,False,True,False,False,18
2009.0,160000,70000.0,3,True,False,False,False,False,False,False,True,False,False,True,False,False,10
2007.0,100000,80000.0,3,False,False,False,False,True,False,False,True,False,False,True,False,False,18
2014.0,390000,110000.0,2,False,True,False,False,False,False,False,True,False,False,True,False,False,18
2017.0,400000,50000.0,1,False,False,False,False,True,False,False,True,False,False,True,False,False,10
2018.0,509999,5000.0,1,False,False,False,False,True,False,False,True,False,False,True,False,False,25
2008.0,150000,90000.0,3,False,False,False,False,True,False,False,True,False,False,True,False,False,10
2009.0,110000,120000.0,1,False,False,False,False,True,False,False,True,False,False,True,False,False,10
2013.0,450000,80000.0,1,False,True,False,False,False,False,False,True,False,False,True,False,False,21
2017.0,400000,60000.0,2,False,False,False,False,True,False,False,True,False,False,True,False,False,10
2009.0,140000,120000.0,1,False,False,False,False,True,False,False,True,False,False,True,False,False,10
2011.0,130000,90000.0,1,False,True,False,False,False,False,False,True,False,False,True,False,False,25
2017.0,160000,50000.0,1,False,False,False,False,True,False,False,True,False,False,True,False,False,18
2016.0,150000,60000.0,1,False,False,False,False,True,False,False,True,False,False,True,False,False,18
2013.0,500000,100000.0,2,False,True,False,False,False,False,False,True,False,False,True,False,False,17
2011.0,40000,60000.0,1,False,False,False,False,True,False,False,True,False,False,True,False,False,25
2015.0,227000,70000.0,2,False,True,False,False,False,False,False,True,False,False,True,False,False,17
2011.0,285000,50000.0,2,False,True,False,False,False,False,False,True,False,False,True,False,False,18
2012.0,155000,60000.0,2,False,False,False,False,True,False,False,True,False,False,True,False,False,18
2016.0,210000,30000.0,1,False,False,False,False,True,False,False,True,False,False,True,False,False,10
2009.0,140000,80000.0,2,False,False,False,False,True,False,False,True,False,False,True,False,False,18
2015.0,940000,128000.0,1,False,True,False,False,False,False,False,True,False,False,True,False,False,26
2013.0,750000,80000.0,1,False,True,False,False,False,False,False,True,False,False,True,False,False,21
2016.0,610000,100000.0,1,False,True,False,False,False,False,False,True,False,False,True,False,False,18
2015.0,450000,50000.0,1,False,True,False,False,False,False,False,True,False,False,True,False,False,21
2012.0,409999,60000.0,1,False,True,False,False,False,False,False,True,False,False,True,False,False,26
2018.0,100000,60000.0,1,False,False,False,False,True,False,False,True,False,False,True,False,False,10
2018.0,300000,10500.0,1,False,False,False,False,True,False,False,True,False,False,True,False,False,23
2013.0,400000,107000.0,1,False,True,False,False,False,False,False,True,False,False,True,False,False,17
2010.0,210000,60000.0,2,False,False,False,False,True,False,False,True,False,False,True,False,False,10
2006.0,90000,120000.0,2,False,False,False,False,True,False,False,True,False,False,True,False,False,10
2010.0,222000,70000.0,1,False,False,False,False,True,False,False,True,False,False,True,False,False,18
2015.0,240000,50000.0,2,False,False,False,False,True,False,False,True,False,False,True,False,False,18
2013.0,450000,70000.0,2,False,True,False,False,False,False,False,True,False,False,True,False,False,26
2012.0,225000,110000.0,2,False,True,False,False,False,False,False,True,False,False,True,False,False,18
2016.0,239000,60000.0,1,False,False,False,False,True,False,False,True,False,True,False,False,False,3
2012.0,385000,52000.0,1,False,True,False,False,False,False,False,True,False,False,True,False,False,24
2014.0,600000,46507.0,1,False,True,False,False,False,False,False,True,False,False,False,True,False,18
2012.0,735000,55300.0,1,False,True,False,False,False,False,True,False,False,True,False,False,False,27
2012.0,285000,74300.0,1,False,True,False,False,False,False,False,True,False,True,False,False,False,25
2010.0,350000,48781.0,1,False,False,False,False,True,False,False,True,False,True,False,False,False,9
2014.0,290000,87620.0,1,False,True,False,False,False,False,True,False,False,True,False,False,False,27
2017.0,890000,40219.0,1,False,True,False,False,False,False,True,False,False,True,False,False,False,27
2011.0,385000,11473.0,1,False,False,False,False,True,False,False,True,False,True,False,False,False,9
2017.0,425000,8352.0,1,False,False,False,False,True,False,False,True,False,True,False,False,False,18
2017.0,525000,9745.0,1,False,False,False,False,True,False,True,False,False,True,False,False,False,18
2017.0,550000,9748.0,1,False,False,False,False,True,False,False,True,False,True,False,False,False,10
2012.0,271000,49000.0,1,False,False,False,False,True,False,False,True,False,True,False,False,False,27
2015.0,490000,31080.0,1,False,False,False,False,True,False,False,True,False,True,False,False,False,10
2014.0,260000,37605.0,1,False,False,False,False,True,False,False,True,False,True,False,False,False,10
2014.0,455000,55850.0,1,False,True,False,False,False,False,False,True,False,True,False,False,False,10
2010.0,75000,58850.0,1,False,False,False,False,True,False,False,True,False,True,False,False,False,25
2015.0,421000,23839.0,1,False,False,False,False,True,False,False,True,False,True,False,False,False,26
2016.0,550000,54000.0,1,False,True,False,False,False,False,False,True,False,True,False,False,False,18
2013.0,330000,38000.0,1,False,False,False,False,True,False,True,False,False,True,False,False,False,10
2012.0,390000,45454.0,1,False,True,False,False,False,False,False,True,False,True,False,False,False,27
2015.0,599000,46957.0,1,False,True,False,False,False,False,True,False,False,True,False,False,False,24
2007.0,110000,60000.0,0,False,False,False,False,True,False,False,True,False,False,True,False,False,10
2016.0,250000,25000.0,1,False,False,False,False,True,False,False,True,False,False,True,False,False,23
2012.0,600000,110000.0,4,False,True,False,False,False,False,False,True,False,False,True,False,False,17
2008.0,80000,90000.0,1,False,False,False,False,True,False,False,True,False,False,True,False,False,17
2019.0,350000,5000.0,1,False,False,False,False,True,False,False,True,False,False,True,False,False,18
2015.0,475000,60000.0,1,False,True,False,False,False,False,False,True,False,False,True,False,False,18
2018.0,500000,50000.0,1,False,True,False,False,False,False,False,True,False,False,True,False,False,18
2014.0,250000,120000.0,1,False,True,False,False,False,False,False,True,False,False,True,False,False,3
2005.0,100000,120000.0,2,False,True,False,False,False,False,False,True,False,False,True,False,False,10
2005.0,95000,120000.0,2,False,False,False,False,True,False,False,True,False,False,True,False,False,10
2015.0,409999,58000.0,1,False,True,False,False,False,False,False,True,False,False,True,False,False,10
2018.0,1050000,35000.0,1,False,True,False,False,False,False,False,True,False,False,True,False,False,17
2017.0,320000,30000.0,1,False,False,False,False,True,False,False,True,False,False,True,False,False,18
2019.0,1000000,10000.0,1,False,True,False,False,False,False,False,True,False,False,True,False,False,17
2018.0,950000,20000.0,1,False,True,False,False,False,False,False,True,False,False,True,False,False,17
2018.0,750000,50000.0,0,False,True,False,False,False,False,False,True,False,False,True,False,False,18
2014.0,220000,42000.0,1,False,False,False,False,True,False,False,True,False,False,True,False,False,10
2017.0,1000000,50000.0,1,False,True,False,False,False,False,False,True,False,False,True,False,False,25
2017.0,660000,116000.0,1,False,True,False,False,False,False,False,True,False,False,True,False,False,9
2015.0,716000,100000.0,1,False,True,False,False,False,False,False,True,False,False,True,False,False,18
2015.0,675000,66000.0,1,False,False,False,False,True,False,False,True,False,False,True,False,False,18
2010.0,385000,110000.0,3,False,True,False,False,False,False,False,True,False,False,True,False,False,17
2014.0,325000,70000.0,1,False,True,False,False,False,False,False,True,False,False,True,False,False,6
2015.0,950000,60000.0,1,False,True,False,False,False,False,False,True,False,False,True,False,False,10
2007.0,400000,110000.0,4,False,True,False,False,False,False,True,False,False,False,True,False,False,8
2014.0,250000,25000.0,1,False,True,False,False,False,False,False,True,False,False,True,False,False,25
2014.0,210000,20000.0,1,False,False,False,False,True,False,False,True,False,False,True,False,False,18
2011.0,147000,110000.0,2,False,False,False,False,True,False,False,True,False,False,True,False,False,10
2018.0,725000,26350.0,1,False,True,False,False,False,False,False,True,False,False,True,False,False,18
2012.0,550000,90000.0,1,False,True,False,False,False,False,False,True,False,False,True,False,False,17
2016.0,475000,25000.0,0,False,False,False,False,True,False,False,True,False,False,True,False,False,10
2014.0,250000,50000.0,2,False,False,False,False,True,False,False,True,False,False,True,False,False,10
2006.0,70000,60000.0,2,False,False,False,False,True,False,False,True,False,False,True,False,False,25
2012.0,160000,70000.0,3,False,False,False,False,True,False,False,True,False,False,True,False,False,10
2011.0,1000000,90000.0,2,False,True,False,False,False,False,True,False,False,False,True,False,False,8
2001.0,68000,70000.0,1,False,False,False,False,True,False,False,True,False,False,True,False,False,10
2017.0,500000,26500.0,1,False,False,False,False,True,False,False,True,False,False,True,False,False,10
2020.0,1050000,10000.0,1,False,True,False,False,False,False,False,True,False,False,True,False,False,10
2017.0,900000,50000.0,1,False,True,False,False,False,False,False,True,False,False,True,False,False,10
2019.0,550000,25000.0,1,False,True,False,False,False,False,False,True,False,False,True,False,False,10
2007.0,100000,52000.0,2,False,False,False,False,True,False,False,True,False,False,True,False,False,18
2013.0,300000,90000.0,1,False,True,False,False,False,False,False,True,False,False,True,False,False,10
2011.0,140000,60000.0,2,False,True,False,False,False,False,False,True,False,False,True,False,False,25
2018.0,550000,35000.0,1,False,False,False,False,True,False,False,True,False,False,True,False,False,8
2012.0,650000,71042.0,1,False,True,False,False,False,False,False,True,False,True,False,False,False,17
2011.0,195000,133564.0,1,False,True,False,False,False,False,False,True,False,True,False,False,False,8
2018.0,1140000,23038.0,1,False,False,False,False,True,False,True,False,False,False,False,True,False,9
2011.0,95000,70000.0,1,False,True,False,False,False,False,False,True,False,False,True,False,False,3
2017.0,550000,19890.0,1,False,True,False,False,False,False,True,False,False,True,False,False,False,10
2016.0,239000,41000.0,1,False,False,False,False,True,False,False,True,False,False,True,False,False,3
2017.0,585000,60000.0,1,False,False,False,False,True,False,False,True,False,False,False,True,False,18
2018.0,825000,11212.0,1,False,False,False,False,True,False,True,False,False,False,False,True,False,18
2013.0,280000,52000.0,1,False,True,False,False,False,False,False,True,False,True,False,False,False,10
2016.0,725000,49217.0,1,False,False,False,False,True,False,False,True,False,False,False,True,False,18
2015.0,300000,90000.0,1,False,True,False,False,False,False,False,True,False,False,True,False,False,17
2014.0,375000,70000.0,1,False,False,False,False,True,False,False,True,False,False,True,False,False,10
2003.0,310000,90000.0,4,False,False,False,False,True,False,False,True,False,False,True,False,False,9
2012.0,400000,80000.0,2,False,True,False,False,False,False,False,True,False,False,True,False,False,25
2014.0,550000,80000.0,2,False,True,False,False,False,False,False,True,False,False,True,False,False,21
2018.0,270000,20000.0,1,False,False,False,False,True,False,False,True,False,False,True,False,False,18
2012.0,555000,110000.0,2,False,True,False,False,False,False,False,True,False,False,True,False,False,18
2013.0,500000,60000.0,2,False,True,False,False,False,False,False,True,False,False,True,False,False,8
2010.0,400000,130000.0,2,False,True,False,False,False,False,True,False,False,False,True,False,False,24
2017.0,280000,28838.0,1,False,False,False,False,True,False,False,True,False,False,True,False,False,10
2006.0,55000,100000.0,1,False,True,False,False,False,False,False,True,False,False,True,False,False,25
2014.0,250000,50000.0,1,False,False,False,False,True,False,False,True,False,False,True,False,False,18
2007.0,95000,100000.0,2,False,True,False,False,False,False,False,True,False,False,True,False,False,17
2014.0,725000,135000.0,2,False,True,False,False,False,False,False,True,False,False,True,False,False,17
2015.0,320000,60000.0,3,False,True,False,False,False,False,False,True,False,False,True,False,False,17
2014.0,1200000,60000.0,3,False,True,False,False,False,False,True,False,False,False,True,False,False,24
2012.0,160000,50000.0,1,False,True,False,False,False,False,False,True,False,False,True,False,False,3
2018.0,790000,19571.0,1,False,True,False,False,False,False,False,True,False,True,False,False,False,9
2018.0,1200000,29600.0,1,False,False,False,False,True,False,False,True,False,True,False,False,False,9
2011.0,175000,70000.0,1,False,False,False,False,True,False,False,True,False,False,True,False,False,18
2018.0,950000,15000.0,1,False,True,False,False,False,False,True,False,False,False,True,False,False,18
2019.0,340000,50000.0,1,False,False,False,False,True,False,False,True,False,False,True,False,False,18
2017.0,825000,13500.0,1,False,True,False,False,False,False,False,True,False,False,True,False,False,23
2018.0,780000,25000.0,1,False,True,False,False,False,False,False,True,False,True,False,False,False,9
2010.0,350000,80000.0,3,False,False,False,False,True,False,True,False,False,False,True,False,False,26
2018.0,690000,39000.0,1,False,False,False,False,True,False,False,True,False,True,False,False,False,9
2016.0,245000,60000.0,1,False,False,False,False,True,False,False,True,False,False,True,False,False,18
2018.0,790000,49000.0,1,False,True,False,False,False,False,False,True,False,True,False,False,False,9
2018.0,680000,48600.0,1,False,False,False,False,True,False,False,True,False,True,False,False,False,9
2017.0,540000,20000.0,0,False,False,False,False,True,False,False,True,False,False,True,False,False,10
2016.0,425000,25000.0,1,False,False,False,False,True,False,False,True,False,False,True,False,False,17
2008.0,140000,120000.0,1,False,False,False,False,True,False,False,True,False,False,True,False,False,18
2019.0,1100000,30000.0,1,False,True,False,False,False,False,False,True,False,False,True,False,False,18
2015.0,715000,35000.0,1,False,True,False,False,False,False,False,True,False,False,True,False,False,23
2018.0,400000,54000.0,2,False,False,False,False,True,False,False,True,False,True,False,False,False,25
2005.0,114999,90000.0,2,False,False,False,False,True,False,False,True,False,True,False,False,False,10
2018.0,950000,21394.0,1,False,True,False,False,False,False,False,True,False,True,False,False,False,8
2015.0,310000,32686.0,1,False,False,False,False,True,False,False,True,False,True,False,False,False,5
2006.0,575000,1001.0,0,False,True,False,False,False,False,False,True,False,True,False,False,False,17
2017.0,490000,22000.0,1,False,True,False,False,False,False,False,True,False,True,False,False,False,23
2017.0,480000,53261.0,1,False,False,False,False,True,False,False,True,False,True,False,False,False,10
2018.0,370000,10000.0,1,False,False,False,False,True,False,False,True,False,True,False,False,False,23
2017.0,835000,14000.0,1,False,True,False,False,False,False,False,True,False,True,False,False,False,18
2017.0,650000,44000.0,1,False,False,False,False,True,False,False,True,False,True,False,False,False,27
2014.0,670000,39895.0,1,False,True,False,False,False,False,False,True,False,True,False,False,False,26
2017.0,950000,73000.0,1,False,True,False,False,False,False,True,False,False,True,False,False,False,3
2014.0,690000,17000.0,1,False,False,False,False,True,False,False,True,False,True,False,False,False,9
2017.0,670000,18591.0,1,False,False,False,False,True,False,False,True,False,True,False,False,False,27
2017.0,925000,26766.0,1,False,True,False,False,False,False,False,True,False,True,False,False,False,25
2015.0,250000,30000.0,1,False,False,False,False,True,False,False,True,False,False,True,False,False,10
2016.0,509999,42000.0,1,False,True,False,False,False,False,False,True,False,False,True,False,False,25
2014.0,520000,110000.0,1,False,True,False,False,False,False,False,True,False,False,True,False,False,9
2005.0,100000,100000.0,1,False,True,False,False,False,False,False,True,False,False,True,False,False,25
2009.0,130000,110000.0,3,False,True,False,False,False,False,False,True,False,False,True,False,False,25
2018.0,950000,27620.0,1,False,True,False,False,False,False,False,True,False,True,False,False,False,8
2015.0,450000,70000.0,1,False,False,False,False,True,False,False,True,False,False,True,False,False,8
2012.0,320000,50000.0,2,False,False,False,False,True,False,False,True,False,False,True,False,False,9
2015.0,480000,50000.0,1,False,True,False,False,False,False,False,True,False,False,True,False,False,18
2012.0,790000,82000.0,1,False,True,False,False,False,False,False,True,False,False,True,False,False,26
2016.0,120000,120000.0,1,False,False,False,False,True,False,False,True,False,False,True,False,False,18
2006.0,75000,80000.0,3,False,False,False,False,True,False,False,True,False,False,True,False,False,18
2010.0,99000,70000.0,1,False,False,False,False,True,False,False,True,False,False,True,False,False,25
2018.0,1015000,20000.0,1,False,True,False,False,False,False,False,True,False,False,True,False,False,18
2011.0,520000,120000.0,1,False,True,False,False,False,False,False,True,False,False,True,False,False,26
2018.0,1100000,30000.0,1,False,True,False,False,False,False,True,False,False,False,True,False,False,10
2005.0,200000,60000.0,1,False,True,False,False,False,False,False,True,False,False,True,False,False,26
2016.0,525000,60000.0,1,False,True,False,False,False,False,False,True,False,False,True,False,False,18
2016.0,500000,40000.0,1,False,False,False,False,True,False,False,True,False,False,True,False,False,10
2016.0,675000,161327.0,1,False,True,False,False,False,False,False,True,False,False,True,False,False,17
2009.0,150000,60000.0,3,False,False,False,False,True,False,False,True,False,False,True,False,False,10
2007.0,250000,50000.0,1,False,True,False,False,False,False,False,True,False,False,True,False,False,17
2018.0,450000,6000.0,1,False,False,False,False,True,False,False,True,False,False,True,False,False,10
2009.0,150000,68000.0,2,False,False,False,False,True,False,False,True,False,False,True,False,False,10
2012.0,200000,85000.0,1,False,True,False,False,False,False,False,True,False,False,True,False,False,3
2011.0,525000,70000.0,1,False,True,False,False,False,False,True,False,False,False,True,False,False,17
1999.0,60000,35000.0,2,False,False,False,False,True,False,False,True,False,False,True,False,False,18
2010.0,180000,100000.0,2,False,True,False,False,False,False,False,True,False,False,True,False,False,18
2015.0,475000,110000.0,1,False,True,False,False,False,False,False,True,False,False,True,False,False,9
2015.0,285000,46000.0,2,False,False,False,False,True,False,False,True,False,False,True,False,False,18
2008.0,91200,60000.0,2,False,False,False,False,True,False,False,True,False,False,True,False,False,18
2015.0,400000,42000.0,1,False,True,False,False,False,False,False,True,False,False,True,False,False,10
2006.0,160000,90000.0,2,False,False,False,False,True,False,True,False,False,False,True,False,False,10
2012.0,650000,85000.0,2,False,True,False,False,False,False,False,True,False,False,True,False,False,24
2012.0,409999,120000.0,3,False,True,False,False,False,False,False,True,False,False,True,False,False,10
2013.0,425000,72000.0,1,False,True,False,False,False,False,False,True,False,False,True,False,False,8
2013.0,250000,71000.0,2,False,True,False,False,False,False,False,True,False,False,True,False,False,18
2009.0,200000,110000.0,4,False,False,False,False,True,False,False,True,False,False,True,False,False,18
2013.0,250000,71000.0,2,True,False,False,False,False,False,False,True,False,False,True,False,False,18
2010.0,130000,144000.0,4,False,True,False,False,False,False,False,True,False,False,True,False,False,27
2017.0,260000,30000.0,1,False,True,False,False,False,False,False,True,False,True,False,False,False,18
2007.0,155000,65000.0,1,False,False,False,False,True,False,False,True,False,True,False,False,False,10
2015.0,450000,38000.0,1,False,True,False,False,False,False,False,True,False,False,True,False,False,9
2012.0,220000,90000.0,2,False,False,False,False,True,False,False,True,False,False,True,False,False,18
2018.0,650000,37000.0,1,False,True,False,False,False,False,False,True,False,True,False,False,False,10
2018.0,285000,30000.0,1,False,False,False,False,True,False,False,True,False,True,False,False,False,18
2018.0,725000,26000.0,1,False,False,False,False,True,False,True,False,False,True,False,False,False,9
2016.0,625000,30000.0,1,False,False,False,False,True,False,False,True,False,True,False,False,False,18
2016.0,550000,23000.0,1,False,False,False,False,True,False,False,True,False,True,False,False,False,10
2012.0,240000,40000.0,1,False,False,False,False,True,False,False,True,False,True,False,False,False,10
2014.0,600000,27000.0,1,False,True,False,False,False,False,False,True,False,True,False,False,False,21
2012.0,350000,65000.0,1,False,True,False,False,False,False,False,True,False,True,False,False,False,25
2015.0,245000,32000.0,1,False,False,False,False,True,False,False,True,False,True,False,False,False,10
2016.0,600000,56000.0,1,False,True,False,False,False,False,False,True,False,True,False,False,False,17
2014.0,620000,80000.0,1,False,True,False,False,False,False,False,True,False,True,False,False,False,17
2014.0,395000,52000.0,2,False,False,False,False,True,False,False,True,False,True,False,False,False,18
2014.0,635000,13250.0,1,False,False,False,False,True,False,False,True,False,True,False,False,False,18
2011.0,180000,36000.0,1,False,False,False,False,True,False,False,True,False,True,False,False,False,18
2015.0,484999,73000.0,2,False,True,False,False,False,False,False,True,False,True,False,False,False,18
2004.0,110000,60000.0,1,False,False,False,False,True,False,False,True,False,False,True,False,False,18
2006.0,150000,60000.0,2,False,False,False,False,True,False,False,True,False,False,True,False,False,18
2012.0,400000,110000.0,1,False,True,False,False,False,False,False,True,False,False,True,False,False,3
2012.0,200000,70000.0,2,False,True,False,False,False,False,False,True,False,False,True,False,False,25
2013.0,302000,60000.0,2,False,True,False,False,False,False,False,True,False,False,True,False,False,23
2011.0,215000,90000.0,4,False,True,False,False,False,False,False,True,False,False,True,False,False,18
2004.0,155000,80000.0,2,False,False,False,False,True,False,False,True,False,False,True,False,False,18
2014.0,1000000,101000.0,2,False,True,False,False,False,False,False,True,False,False,True,False,False,26
2018.0,550000,44000.0,1,False,True,False,False,False,False,False,True,False,False,True,False,False,17
2006.0,200000,45000.0,1,False,False,False,False,True,False,False,True,False,False,True,False,False,18
2017.0,750000,120000.0,1,False,True,False,False,False,False,False,True,False,False,True,False,False,17
2005.0,90000,90000.0,2,False,False,False,False,True,False,False,True,False,False,True,False,False,18
2007.0,80000,120000.0,2,False,False,False,False,True,False,False,True,False,False,True,False,False,18
2013.0,229999,13500.0,1,False,False,False,False,True,False,False,True,False,False,True,False,False,10
2017.0,350000,10000.0,1,False,False,False,False,True,False,False,True,False,False,True,False,False,23
2015.0,325000,25000.0,3,False,False,False,False,True,False,False,True,False,False,True,False,False,10
2018.0,450000,8500.0,1,False,False,False,False,True,False,False,True,False,False,True,False,False,25
2012.0,250000,120000.0,1,False,True,False,False,False,False,False,True,False,False,True,False,False,18
2012.0,225000,120000.0,1,False,True,False,False,False,False,False,True,False,False,True,False,False,27
2009.0,150000,90246.0,3,False,False,False,False,True,False,False,True,False,False,True,False,False,18
2014.0,110000,90000.0,2,False,False,False,False,True,False,False,True,False,False,True,False,False,18
2010.0,150000,40000.0,2,False,False,False,False,True,False,False,True,False,False,True,False,False,18
2000.0,165000,60000.0,4,False,False,False,False,True,False,False,True,False,False,True,False,False,18
2017.0,610000,32000.0,2,False,True,False,False,False,False,False,True,False,False,True,False,False,23
2013.0,170000,60400.0,1,False,True,False,False,False,False,False,True,False,False,True,False,False,25
2008.0,150000,70950.0,2,False,True,False,False,False,False,False,True,False,False,True,False,False,10
2015.0,375000,72000.0,1,False,True,False,False,False,False,False,True,False,False,True,False,False,10
2013.0,390000,90000.0,1,False,True,False,False,False,False,False,True,False,False,True,False,False,18
2017.0,600000,10000.0,1,False,False,False,False,True,False,False,True,False,False,True,False,False,10
2014.0,204999,25000.0,2,False,False,False,False,True,False,False,True,False,False,True,False,False,18
2009.0,270000,80000.0,2,False,True,False,False,False,False,False,True,False,False,True,False,False,10
2017.0,375000,10000.0,1,False,False,False,False,True,False,False,True,False,False,True,False,False,10
2020.0,700000,1100.0,1,False,False,False,False,True,False,False,True,False,False,True,False,False,18
2017.0,455000,40000.0,1,False,False,False,False,True,False,False,True,False,False,True,False,False,18
2014.0,341000,31491.0,1,False,False,False,False,True,False,False,True,False,False,True,False,False,10
2014.0,200000,107143.0,2,False,True,False,False,False,False,False,True,False,False,True,False,False,18
2017.0,450000,15000.0,1,False,False,False,False,True,False,True,False,False,False,True,False,False,18
2012.0,170000,50000.0,2,False,False,False,False,True,False,False,True,False,False,True,False,False,10
2016.0,500000,60000.0,1,False,True,False,False,False,False,False,True,False,False,True,False,False,17
2016.0,819999,85000.0,1,False,True,False,False,False,False,False,True,False,False,True,False,False,18
2014.0,351000,40000.0,2,False,False,False,False,True,False,False,True,False,False,True,False,False,18
2011.0,195000,80000.0,2,False,False,False,False,True,False,False,True,False,False,True,False,False,10
2008.0,250000,82000.0,2,False,True,False,False,False,False,False,True,False,False,True,False,False,18
2008.0,120000,70000.0,2,False,False,False,False,True,False,False,True,False,False,True,False,False,18
2009.0,180000,70000.0,3,False,False,False,False,True,False,False,True,False,False,True,False,False,18
2016.0,430000,20000.0,1,False,True,False,False,False,False,False,True,False,False,True,False,False,17
2012.0,75000,35000.0,2,False,False,False,False,True,False,False,True,False,False,True,False,False,25
2017.0,750000,80000.0,1,False,True,False,False,False,False,False,True,False,False,True,False,False,17
2011.0,60000,40000.0,1,False,False,False,False,True,False,False,True,False,False,True,False,False,25
2011.0,390000,150000.0,4,False,True,False,False,False,False,False,True,False,False,True,False,False,17
2016.0,630000,50000.0,1,False,True,False,False,False,False,False,True,False,False,True,False,False,17
2018.0,1085000,15000.0,1,False,True,False,False,False,False,False,True,False,False,True,False,False,25
2012.0,190000,60000.0,2,False,False,False,False,True,False,False,True,False,False,True,False,False,10
2018.0,550000,25000.0,1,False,False,False,False,True,False,True,False,False,False,True,False,False,18
2012.0,200000,90000.0,3,False,False,False,False,True,False,False,True,False,False,True,False,False,18
2011.0,165000,60000.0,1,False,False,False,False,True,False,False,True,False,False,True,False,False,3
2013.0,260000,65000.0,1,False,True,False,False,False,False,False,True,False,False,True,False,False,8
2011.0,151000,40000.0,1,False,False,False,False,True,False,False,True,False,False,True,False,False,18
2018.0,780000,50000.0,1,False,True,False,False,False,False,False,True,False,False,True,False,False,18
2012.0,175000,80000.0,3,False,True,False,False,False,False,False,True,False,False,True,False,False,25
2010.0,170000,107500.0,1,False,True,False,False,False,False,False,True,False,True,False,False,False,25
2013.0,210000,135000.0,2,False,True,False,False,False,False,False,True,False,True,False,False,False,25
2007.0,90000,43826.0,2,False,False,False,False,True,False,False,True,False,True,False,False,False,18
2016.0,535000,55838.0,1,False,False,False,False,True,False,False,True,False,True,False,False,False,10
2007.0,195000,112880.0,1,False,True,False,False,False,False,False,True,False,True,False,False,False,18
2011.0,140000,60000.0,3,False,True,False,False,False,False,False,True,False,False,True,False,False,25
2012.0,350000,40000.0,1,False,False,False,False,True,False,False,True,False,False,True,False,False,21
2013.0,425000,66000.0,1,False,True,False,False,False,False,False,True,False,False,True,False,False,10
2017.0,300000,30300.0,1,False,False,False,False,True,False,False,True,False,False,True,False,False,23
2013.0,340000,85000.0,0,False,True,False,False,False,False,False,True,False,False,True,False,False,27
2009.0,250000,80659.0,1,False,False,False,False,True,False,False,True,False,True,False,False,False,18
2008.0,170000,81324.0,1,False,False,False,False,True,False,False,True,False,True,False,False,False,3
2013.0,315000,127884.0,0,False,True,False,False,False,False,False,True,False,True,False,False,False,9
2015.0,200000,50000.0,1,False,False,False,False,True,False,False,True,False,False,True,False,False,3
2016.0,300000,25000.0,1,False,False,False,False,True,False,False,True,False,False,True,False,False,3
2015.0,300000,66755.0,1,False,True,False,False,False,False,False,True,False,True,False,False,False,9
2013.0,380000,123084.0,1,False,False,False,False,True,False,False,True,False,True,False,False,False,9
2013.0,310000,95851.0,1,False,True,False,False,False,False,False,True,False,True,False,False,False,9
2010.0,260000,50000.0,1,False,False,False,False,True,False,False,True,False,False,True,False,False,18
2008.0,150000,50000.0,2,False,True,False,False,False,False,False,True,False,False,True,False,False,18
2006.0,85000,60000.0,2,False,False,False,False,True,False,False,True,False,False,True,False,False,18
2014.0,280000,15000.0,2,False,False,False,False,True,False,False,True,False,False,True,False,False,18
2016.0,850000,40000.0,1,False,True,False,False,False,False,False,True,False,False,True,False,False,17
2017.0,375000,20000.0,2,False,False,False,False,True,False,False,True,False,False,True,False,False,5
2006.0,125000,120000.0,3,False,True,False,False,False,False,False,True,False,False,True,False,False,10
2012.0,250000,110000.0,1,False,True,False,False,False,False,False,True,False,False,True,False,False,3
2011.0,220000,70000.0,1,False,True,False,False,False,False,False,True,False,False,True,False,False,10
2010.0,110000,110000.0,2,False,True,False,False,False,False,False,True,False,False,True,False,False,25
2007.0,150000,84000.0,2,False,False,False,False,True,False,False,True,False,False,True,False,False,10
2017.0,220000,40000.0,1,False,False,False,False,True,False,False,True,False,False,True,False,False,5
2006.0,75000,96000.0,2,False,False,False,False,True,False,False,True,False,False,True,False,False,18
2009.0,100000,20000.0,1,False,True,False,False,False,False,False,True,False,False,True,False,False,25
2016.0,380000,15000.0,1,False,False,False,False,True,False,False,True,False,False,True,False,False,8
2007.0,100000,50000.0,1,False,False,False,False,True,False,False,True,False,False,True,False,False,10
2010.0,480000,80000.0,2,False,True,False,False,False,False,False,True,False,False,True,False,False,27
2012.0,300000,60000.0,1,False,True,False,False,False,False,False,True,False,False,True,False,False,26
2013.0,190000,70000.0,1,False,True,False,False,False,False,False,True,False,False,True,False,False,3
2012.0,190000,130000.0,2,False,True,False,False,False,False,False,True,False,False,True,False,False,8
2017.0,650000,19014.0,1,False,False,False,False,True,False,False,True,False,False,True,False,False,8
2009.0,300000,23262.0,1,False,False,False,False,True,False,False,True,False,True,False,False,False,26
2016.0,700000,29600.0,1,False,True,False,False,False,False,False,True,False,True,False,False,False,8
2015.0,310000,35925.0,0,False,False,False,False,True,False,False,True,False,True,False,False,False,10
2018.0,500000,12000.0,1,False,False,False,False,True,False,False,True,False,False,True,False,False,18
2013.0,415000,40771.0,1,False,False,False,False,True,False,False,True,False,True,False,False,False,26
2015.0,395000,30500.0,2,False,False,False,False,True,False,True,False,False,True,False,False,False,18
2014.0,430000,42000.0,2,False,False,False,False,True,False,False,True,False,True,False,False,False,26
2007.0,215000,55800.0,2,False,False,False,False,True,False,False,True,False,False,True,False,False,26
2014.0,550000,66569.0,1,False,True,False,False,False,False,False,True,False,True,False,False,False,23
2014.0,415000,81358.0,1,False,True,False,False,False,False,False,True,False,True,False,False,False,27
2015.0,450000,82695.0,1,False,True,False,False,False,False,False,True,False,True,False,False,False,27
2014.0,285000,68293.0,2,False,True,False,False,False,False,False,True,False,True,False,False,False,8
2016.0,580000,32000.0,1,False,False,False,False,True,False,True,False,False,True,False,False,False,9
2014.0,300000,60000.0,1,False,True,False,False,False,False,False,True,False,True,False,False,False,18
2018.0,1200000,60000.0,1,False,True,False,False,False,False,False,True,False,False,True,False,False,10
2006.0,78000,64700.0,1,False,False,False,False,True,False,False,True,False,False,True,False,False,18
2016.0,400000,88470.0,1,False,True,False,False,False,False,False,True,False,False,True,False,False,25
2016.0,850000,75000.0,1,False,True,False,False,False,False,False,True,False,False,True,False,False,10
2013.0,450000,120000.0,2,False,True,False,False,False,False,False,True,False,False,True,False,False,27
2017.0,780000,70000.0,1,False,True,False,False,False,False,False,True,False,False,True,False,False,26
2020.0,350000,1000.0,1,False,False,False,False,True,False,False,True,False,False,True,False,False,18
2013.0,285000,60000.0,2,False,True,False,False,False,False,False,True,False,False,True,False,False,17
2015.0,525000,98000.0,1,False,True,False,False,False,False,False,True,False,True,False,False,False,27
2014.0,550000,90000.0,2,False,True,False,False,False,False,False,True,False,True,False,False,False,18
2018.0,580000,60000.0,1,False,True,False,False,False,False,False,True,False,False,True,False,False,27
2013.0,75000,25000.0,3,False,False,False,False,True,False,False,True,False,False,True,False,False,25
2009.0,185000,60000.0,3,False,True,False,False,False,False,False,True,False,False,True,False,False,25
2007.0,110000,90000.0,4,False,False,False,False,True,False,False,True,False,False,True,False,False,18
2010.0,350000,110000.0,2,False,True,False,False,False,False,False,True,False,False,True,False,False,27
2005.0,60000,126000.0,2,False,False,False,False,True,False,False,True,False,False,True,False,False,3
2018.0,695000,70000.0,1,False,True,False,False,False,False,False,True,False,False,True,False,False,17
2007.0,135000,74183.0,2,False,False,False,False,True,False,False,True,False,False,True,False,False,18
2015.0,640000,70000.0,2,False,True,False,False,False,False,False,True,False,False,True,False,False,17
2014.0,160000,90000.0,1,False,False,False,False,True,False,False,True,False,False,True,False,False,18
2004.0,80000,46000.0,2,False,False,False,False,True,False,False,True,False,False,True,False,False,25
2013.0,340000,110000.0,2,False,True,False,False,False,False,False,True,False,False,True,False,False,18
2012.0,110000,80000.0,2,False,True,False,False,False,False,False,True,False,False,True,False,False,18
2013.0,250000,90000.0,2,False,True,False,False,False,False,False,True,False,False,True,False,False,25
2014.0,250000,1.0,2,False,True,False,False,False,False,False,True,False,False,True,False,False,17
2013.0,240000,70000.0,4,False,False,False,False,True,False,False,True,False,False,True,False,False,18
2007.0,225000,120000.0,2,False,True,False,False,False,False,False,True,False,False,True,False,False,17
2015.0,275000,60000.0,2,False,False,False,False,True,False,False,True,False,False,True,False,False,18
2012.0,320000,120000.0,2,False,True,False,False,False,False,False,True,False,False,True,False,False,25
2008.0,75000,120000.0,1,False,False,False,False,True,False,False,True,False,False,True,False,False,18
2007.0,85000,50000.0,2,False,False,False,False,True,False,False,True,False,False,True,False,False,25
2009.0,90000,120000.0,1,False,True,False,False,False,False,False,True,False,False,True,False,False,25
2007.0,85000,80000.0,2,False,False,False,False,True,False,False,True,False,False,True,False,False,18
2008.0,350000,80000.0,2,False,True,False,False,False,False,False,True,False,False,True,False,False,17
2009.0,355000,100000.0,2,False,True,False,False,False,False,True,False,False,False,True,False,False,24
2020.0,619000,1500.0,1,False,False,False,False,True,False,False,True,False,False,True,False,False,18
2006.0,55000,100000.0,2,False,True,False,False,False,False,False,True,False,False,True,False,False,25
2006.0,95000,83411.0,1,False,False,False,False,True,False,False,True,False,False,True,False,False,8
2011.0,300000,120000.0,2,False,True,False,False,False,False,False,True,False,False,True,False,False,27
2006.0,81000,83411.0,1,False,False,False,False,True,False,False,True,False,False,True,False,False,8
2015.0,1000000,80000.0,2,False,True,False,False,False,False,True,False,False,False,True,False,False,24
2019.0,925000,50000.0,1,False,True,False,False,False,False,False,True,False,False,True,False,False,18
2015.0,450000,40000.0,1,False,True,False,False,False,False,False,True,False,False,True,False,False,17
2014.0,600000,13270.0,1,False,True,False,False,False,False,False,True,False,False,True,False,False,17
2006.0,85000,100000.0,3,False,False,False,False,True,False,True,False,False,False,True,False,False,10
2016.0,700000,50000.0,1,False,True,False,False,False,False,False,True,False,False,True,False,False,17
2017.0,486000,26500.0,1,False,False,False,False,True,False,False,True,False,False,True,False,False,10
2013.0,400000,90000.0,1,False,True,False,False,False,False,False,True,False,False,True,False,False,18
2008.0,120000,100000.0,3,False,False,False,False,True,False,False,True,False,False,True,False,False,8
2018.0,275000,35000.0,1,False,False,False,False,True,False,False,True,False,False,True,False,False,18
2016.0,580000,57000.0,1,False,True,False,False,False,False,False,True,False,False,True,False,False,10
2015.0,375000,70000.0,1,False,False,False,False,True,False,False,True,False,False,True,False,False,18
2015.0,229999,100000.0,3,False,False,False,False,True,False,False,True,False,False,True,False,False,18
2010.0,110000,88000.0,2,False,False,False,False,True,False,False,True,False,False,True,False,False,18
2017.0,600000,60000.0,1,False,True,False,False,False,False,False,True,False,False,True,False,False,18
2009.0,120000,60000.0,2,False,False,False,False,True,False,False,True,False,False,True,False,False,18
2010.0,200000,100000.0,2,False,True,False,False,False,False,False,True,False,False,True,False,False,8
2012.0,450000,110000.0,2,False,True,False,False,False,False,False,True,False,False,True,False,False,10
2012.0,550000,80000.0,2,False,True,False,False,False,False,False,True,False,False,True,False,False,10
2012.0,220000,80000.0,2,False,False,False,False,True,False,False,True,False,False,True,False,False,18
2001.0,40000,30000.0,1,False,False,False,False,True,False,False,True,False,False,True,False,False,18
2017.0,300000,20000.0,1,False,False,False,False,True,False,True,False,False,False,True,False,False,23
2018.0,630000,40000.0,1,False,True,False,False,False,False,False,True,False,False,True,False,False,17
2017.0,610000,40000.0,2,False,True,False,False,False,False,False,True,False,False,True,False,False,18
2019.0,660000,7000.0,2,False,False,False,False,True,False,False,True,False,False,True,False,False,10
2012.0,220000,80000.0,0,False,False,False,True,False,False,False,True,False,False,True,False,False,18
2011.0,138000,90000.0,2,False,True,False,False,False,False,False,True,False,False,True,False,False,21
2013.0,210000,13770.0,1,False,True,False,False,False,False,False,True,False,False,True,False,False,21
2005.0,125000,34000.0,1,False,False,False,False,True,False,False,True,False,True,False,False,False,18
2008.0,125000,102000.0,1,False,False,False,False,True,False,False,True,False,True,False,False,False,18
2014.0,725000,110000.0,1,False,True,False,False,False,False,False,True,False,False,True,False,False,9
2011.0,170000,90000.0,2,False,False,False,False,True,False,False,True,False,False,True,False,False,18
2015.0,1200000,70000.0,3,False,True,False,False,False,False,False,True,False,False,True,False,False,26
2003.0,70000,90000.0,2,False,False,False,False,True,False,False,True,False,False,True,False,False,18
2007.0,100000,70000.0,2,False,False,False,False,True,False,False,True,False,False,True,False,False,18
2006.0,300000,80000.0,2,False,False,False,False,True,False,False,True,False,False,True,False,False,9
2013.0,450000,100000.0,2,False,True,False,False,False,False,False,True,False,False,True,False,False,18
2015.0,530000,100000.0,1,False,True,False,False,False,False,False,True,False,False,True,False,False,18
2007.0,100000,143000.0,3,False,False,False,False,True,False,False,True,False,False,True,False,False,18
2010.0,350000,115000.0,2,False,False,False,False,True,False,False,True,False,False,True,False,False,9
2011.0,165000,100000.0,0,False,True,False,False,False,False,False,True,False,False,True,False,False,25
2019.0,475000,120000.0,2,False,True,False,False,False,False,False,True,False,False,True,False,False,18
2013.0,350000,42000.0,1,False,True,False,False,False,False,False,True,False,False,True,False,False,17
2016.0,229999,38000.0,1,False,False,False,False,True,False,False,True,False,False,True,False,False,23
2018.0,800000,60000.0,1,False,True,False,False,False,False,False,True,False,False,True,False,False,9
2014.0,475000,120000.0,2,False,True,False,False,False,False,False,True,False,False,True,False,False,18
2014.0,425000,136906.0,1,False,True,False,False,False,False,False,True,False,False,True,False,False,21
2015.0,660000,97000.0,2,False,True,False,False,False,False,False,True,False,False,True,False,False,18
2019.0,610000,10000.0,1,False,False,False,False,True,False,True,False,False,False,True,False,False,9
2013.0,240000,50000.0,3,False,False,False,False,True,False,False,True,False,False,True,False,False,9
2005.0,70000,60000.0,0,False,False,False,False,True,False,False,True,False,False,True,False,False,18
2011.0,550000,120000.0,1,False,True,False,False,False,False,False,True,False,False,True,False,False,26
2010.0,100000,120000.0,2,False,False,False,False,True,False,False,True,False,False,True,False,False,25
2010.0,350000,90000.0,2,False,True,False,False,False,False,False,True,False,False,True,False,False,17
2013.0,200000,120000.0,1,False,False,False,False,True,False,False,True,False,False,True,False,False,10
2019.0,720000,3000.0,1,False,False,False,False,True,False,True,False,False,False,True,False,False,10
2014.0,350000,133000.0,1,False,True,False,False,False,False,False,True,False,False,True,False,False,18
2016.0,400000,25000.0,1,False,False,False,False,True,False,False,True,False,False,True,False,False,18
2017.0,570000,35000.0,1,False,False,False,False,True,False,False,True,False,False,True,False,False,10
2015.0,130000,70000.0,1,False,False,False,False,True,False,False,True,False,False,True,False,False,18
2016.0,210000,52000.0,1,False,False,False,False,True,False,False,True,False,False,True,False,False,18
2018.0,800000,52000.0,1,False,True,False,False,False,False,False,True,False,False,True,False,False,10
2017.0,700000,39000.0,1,False,True,False,False,False,False,False,True,False,False,True,False,False,9
2011.0,200000,28689.0,1,False,True,False,False,False,False,False,True,False,False,True,False,False,25
2014.0,495000,90000.0,2,False,True,False,False,False,False,False,True,False,False,True,False,False,25
2014.0,325000,80322.0,1,False,True,False,False,False,False,False,True,False,True,False,False,False,8
2019.0,650000,8000.0,1,False,False,False,False,True,False,False,True,False,False,True,False,False,8
2000.0,155000,50000.0,2,False,True,False,False,False,False,False,True,False,False,True,False,False,17
2014.0,75000,90000.0,2,False,False,False,False,True,False,False,True,False,False,True,False,False,18
2015.0,350000,61658.0,1,False,True,False,False,False,False,False,True,False,True,False,False,False,10
2010.0,90000,50000.0,3,False,False,False,False,True,False,False,True,False,False,True,False,False,18
2016.0,600000,80000.0,1,False,True,False,False,False,False,False,True,False,False,True,False,False,18
2014.0,370000,57000.0,2,False,True,False,False,False,False,False,True,False,False,True,False,False,18
2000.0,50000,60000.0,1,False,False,False,False,True,False,False,True,False,False,True,False,False,18
2004.0,125000,120000.0,2,False,False,False,False,True,False,False,True,False,False,True,False,False,9
2019.0,650000,20000.0,1,False,False,False,False,True,False,True,False,False,False,True,False,False,10
2017.0,800000,30600.0,1,False,True,False,False,False,False,True,False,False,False,True,False,False,18
2020.0,802000,5000.0,1,False,False,False,False,True,False,False,True,False,False,True,False,False,27
2016.0,430000,35000.0,1,False,True,False,False,False,False,False,True,False,False,True,False,False,10
2017.0,650000,23000.0,1,False,False,False,False,True,False,False,True,False,False,True,False,False,10
2004.0,170000,120000.0,1,False,True,False,False,False,False,False,True,False,False,True,False,False,17
2013.0,250000,87000.0,1,False,False,False,False,True,False,False,True,False,False,True,False,False,18
2014.0,550000,72000.0,2,False,False,False,False,True,False,False,True,False,False,True,False,False,8
2007.0,140000,100000.0,2,False,False,False,False,True,False,False,True,False,False,True,False,False,18
2012.0,155000,12000.0,1,False,False,False,False,True,False,False,True,False,False,True,False,False,3
2010.0,120000,67000.0,3,False,False,False,False,True,False,False,True,False,False,True,False,False,10
2012.0,287000,70000.0,1,False,True,False,False,False,False,False,True,False,False,True,False,False,26
2016.0,675000,60000.0,1,False,True,False,False,False,False,False,True,False,False,True,False,False,18
2011.0,235000,74500.0,2,False,False,False,False,True,False,False,True,False,False,True,False,False,10
2011.0,300000,118700.0,2,False,True,False,False,False,False,False,True,False,False,True,False,False,10
2015.0,434999,40000.0,2,False,False,False,False,True,False,True,False,False,False,True,False,False,21
2006.0,160000,140000.0,2,False,False,False,False,True,False,False,True,False,False,True,False,False,26
2020.0,600000,5000.0,1,False,False,False,False,True,False,False,True,False,False,True,False,False,10
2016.0,470000,100000.0,2,False,True,False,False,False,False,False,True,False,False,True,False,False,3
2011.0,300000,100000.0,2,False,False,False,False,True,False,False,True,False,False,True,False,False,18
2018.0,600000,2000.0,0,False,False,False,False,True,False,False,True,False,False,True,False,False,18
2020.0,640000,4000.0,1,False,False,False,False,True,False,True,False,False,False,True,False,False,10
2006.0,50000,120000.0,4,False,True,False,False,False,False,False,True,False,False,True,False,False,25
2015.0,600000,35000.0,1,False,False,False,False,True,False,False,True,False,False,True,False,False,10
2014.0,290000,29000.0,1,False,False,False,True,False,False,False,True,False,False,True,False,False,10
2015.0,600000,30000.0,1,False,False,False,False,True,False,False,True,False,False,True,False,False,10
2012.0,190000,120000.0,1,False,True,False,False,False,False,False,True,False,False,True,False,False,25
2008.0,160000,110000.0,3,False,False,False,False,True,False,False,True,False,False,True,False,False,10
2017.0,325000,15000.0,1,False,False,False,False,True,False,False,True,False,False,True,False,False,18
2006.0,200000,73756.0,1,False,True,False,False,False,False,False,True,False,False,True,False,False,17
2011.0,125000,60000.0,3,False,False,False,False,True,False,False,True,False,False,True,False,False,3
2008.0,155000,60000.0,4,False,False,False,False,True,False,False,True,False,False,True,False,False,10
2015.0,550000,90000.0,1,False,True,False,False,False,False,False,True,False,False,True,False,False,10
2009.0,130000,70000.0,4,False,False,False,False,True,False,False,True,False,False,True,False,False,18
2002.0,80000,70000.0,2,False,False,False,False,True,False,False,True,False,False,True,False,False,18
2015.0,500000,80000.0,2,False,True,False,False,False,False,False,True,False,False,True,False,False,26
2019.0,250000,60000.0,1,False,False,False,False,True,False,False,True,False,False,True,False,False,23
2012.0,580000,70000.0,1,False,True,False,False,False,False,False,True,False,False,True,False,False,17
2002.0,60000,60000.0,1,False,False,False,False,True,False,False,True,False,False,True,False,False,4
2014.0,200000,90000.0,2,False,True,False,False,False,False,False,True,False,False,True,False,False,8
2017.0,1200000,16400.0,1,False,True,False,False,False,False,False,True,False,False,True,False,False,25
2015.0,350000,80000.0,2,False,True,False,False,False,False,False,True,False,False,True,False,False,26
2012.0,600000,80000.0,2,False,True,False,False,False,False,False,True,False,False,True,False,False,17
2019.0,650000,60000.0,1,False,False,False,False,True,False,False,True,False,False,True,False,False,9
2008.0,120000,40000.0,1,False,False,False,False,True,False,False,True,False,False,True,False,False,18
2010.0,180000,120000.0,2,False,True,False,False,False,False,False,True,False,False,True,False,False,25
2018.0,950000,41395.0,1,False,False,False,False,True,False,True,False,False,False,True,False,False,10
2012.0,250999,35000.0,2,False,True,False,False,False,False,False,True,False,False,True,False,False,25
2013.0,165000,50000.0,1,False,False,False,False,True,False,False,True,False,False,True,False,False,3
2015.0,700000,48000.0,1,False,False,False,False,True,False,False,True,False,True,False,False,False,10
2015.0,750000,53000.0,1,False,True,False,False,False,False,False,True,False,True,False,False,False,17
2018.0,290000,60000.0,1,False,False,False,False,True,False,True,False,False,True,False,False,False,5
2014.0,45000,7000.0,2,False,False,False,False,True,False,False,True,False,False,True,False,False,25
2013.0,675000,88000.0,1,False,True,False,False,False,False,True,False,False,True,False,False,False,24
2015.0,530000,55000.0,1,False,True,False,False,False,False,False,True,False,True,False,False,False,21
2014.0,325000,71014.0,1,False,True,False,False,False,False,False,True,False,True,False,False,False,3
2015.0,400000,60000.0,1,False,True,False,False,False,False,False,True,False,True,False,False,False,9
2017.0,380000,71000.0,1,False,True,False,False,False,False,False,True,False,True,False,False,False,17
2016.0,750000,45000.0,1,False,False,False,False,True,False,True,False,False,True,False,False,False,9
2017.0,390000,60000.0,1,False,False,False,False,True,False,False,True,False,True,False,False,False,9
2015.0,370000,60000.0,1,False,True,False,False,False,False,False,True,False,True,False,False,False,23
2013.0,210000,80000.0,2,False,True,False,False,False,False,False,True,False,False,True,False,False,3
2007.0,175000,60000.0,4,False,True,False,False,False,False,False,True,False,False,True,False,False,24
2012.0,575000,89550.0,2,False,True,False,False,False,False,False,True,False,False,True,False,False,10
2010.0,320000,90000.0,3,False,True,False,False,False,False,False,True,False,False,True,False,False,17
2010.0,280000,149500.0,3,False,True,False,False,False,False,False,True,False,False,True,False,False,18
2013.0,380000,83000.0,1,False,True,False,False,False,False,False,True,False,True,False,False,False,8
2005.0,120000,20000.0,2,False,False,False,False,True,False,False,True,False,False,True,False,False,18
2018.0,395000,20000.0,1,False,False,False,False,True,False,False,True,False,False,True,False,False,18
2010.0,360000,160000.0,1,False,True,False,False,False,False,False,True,False,False,True,False,False,24
2015.0,451000,100000.0,1,False,True,False,False,False,False,False,True,False,False,True,False,False,21
2010.0,175000,45000.0,2,False,False,False,False,True,False,False,True,False,False,True,False,False,3
2009.0,170000,44800.0,2,False,False,False,False,True,False,False,True,False,False,True,False,False,3
2006.0,100000,40000.0,2,False,False,False,False,True,False,False,True,False,False,True,False,False,10
2014.0,150000,120000.0,3,False,False,False,False,True,False,False,True,False,False,True,False,False,18
2011.0,149000,10000.0,2,False,True,False,False,False,False,False,True,False,False,True,False,False,25
2011.0,160000,80000.0,2,False,True,False,False,False,False,False,True,False,False,True,False,False,25
2018.0,434999,10000.0,0,False,False,False,False,True,False,False,True,False,False,True,False,False,5
2014.0,800000,156000.0,1,False,True,False,False,False,False,False,True,False,False,True,False,False,17
2010.0,819999,120000.0,2,False,True,False,False,False,False,False,True,False,False,True,False,False,26
2007.0,163000,100000.0,2,False,False,False,False,True,False,False,True,False,False,True,False,False,18
2001.0,350000,100000.0,2,False,True,False,False,False,False,False,True,False,False,True,False,False,19
2006.0,75000,100000.0,2,False,False,False,False,True,False,False,True,False,False,True,False,False,25
2012.0,180000,60000.0,2,False,False,False,False,True,False,False,True,False,False,True,False,False,18
2017.0,675000,60000.0,1,False,True,False,False,False,False,False,True,False,False,True,False,False,8
2013.0,434999,100000.0,2,False,True,False,False,False,False,False,True,False,False,True,False,False,27
2006.0,100000,110000.0,2,False,False,False,False,True,False,False,True,False,False,True,False,False,25
2009.0,200000,100000.0,1,False,False,False,False,True,False,False,True,False,False,True,False,False,25
2014.0,400000,35000.0,1,False,True,False,False,False,False,False,True,False,False,True,False,False,23
2018.0,790000,40000.0,2,False,True,False,False,False,False,False,True,False,False,True,False,False,8
2015.0,500000,90000.0,2,False,True,False,False,False,False,False,True,False,False,True,False,False,23
2012.0,275000,120000.0,2,False,True,False,False,False,False,False,True,False,False,True,False,False,24
2012.0,450000,60000.0,2,False,True,False,False,False,False,False,True,False,False,True,False,False,10
2019.0,700000,16000.0,1,False,False,False,False,True,False,False,True,False,False,True,False,False,18
2017.0,500000,50000.0,1,False,True,False,False,False,False,False,True,False,False,True,False,False,10
2015.0,500000,10000.0,1,False,False,False,False,True,False,False,True,False,False,True,False,False,18
2016.0,360000,33000.0,1,False,False,False,False,True,False,False,True,False,True,False,False,False,18
2010.0,210000,25000.0,1,False,False,False,False,True,False,False,True,False,False,True,False,False,18
2014.0,220000,66000.0,0,False,False,False,False,True,False,False,True,False,True,False,False,False,18
2009.0,250000,48000.0,1,False,False,False,False,True,False,False,True,False,False,True,False,False,3
2016.0,990000,146000.0,1,False,True,False,False,False,False,False,True,False,True,False,False,False,26
2013.0,220000,100000.0,4,False,True,False,False,False,False,False,True,False,False,True,False,False,17
2014.0,530000,50000.0,1,False,False,False,False,True,False,False,True,False,False,True,False,False,9
2016.0,575000,50000.0,1,False,True,False,False,False,False,False,True,False,False,True,False,False,18
2012.0,400000,99000.0,1,False,True,False,False,False,False,False,True,False,True,False,False,False,17
2016.0,680000,50000.0,1,False,True,False,False,False,False,False,True,False,False,True,False,False,9
2014.0,1000000,80000.0,1,False,True,False,False,False,False,True,False,False,False,True,False,False,10
2016.0,260000,45000.0,2,False,False,False,False,True,False,False,True,False,False,True,False,False,18
2010.0,150000,50000.0,2,False,False,False,False,True,False,False,True,False,False,True,False,False,25
2008.0,180000,70000.0,3,False,False,False,False,True,False,False,True,False,False,True,False,False,18
2014.0,346000,37516.0,1,False,True,False,False,False,False,False,True,False,False,True,False,False,7
2015.0,450000,20000.0,1,False,True,False,False,False,False,False,True,False,False,True,False,False,17
2019.0,500000,5000.0,1,False,False,False,False,True,False,False,True,False,False,True,False,False,10
2019.0,700000,8000.0,1,False,True,False,False,False,False,False,True,False,False,True,False,False,10
2019.0,280000,25880.0,1,False,False,False,False,True,False,False,True,False,False,True,False,False,18
2019.0,475000,10000.0,1,False,False,False,False,True,False,True,False,False,False,True,False,False,10
2009.0,300000,50000.0,1,False,True,False,False,False,False,False,True,False,False,True,False,False,18
2014.0,200999,40000.0,1,False,False,False,False,True,False,False,True,False,False,True,False,False,18
2009.0,200000,100000.0,3,False,True,False,False,False,False,False,True,False,False,True,False,False,24
2009.0,210000,80000.0,2,False,False,False,False,True,False,False,True,False,False,True,False,False,3
2012.0,160000,60000.0,1,False,True,False,False,False,False,False,True,False,False,True,False,False,25
2009.0,175000,136000.0,2,False,True,False,False,False,False,False,True,False,False,True,False,False,10
2012.0,320000,80000.0,1,False,True,False,False,False,False,False,True,False,False,True,False,False,25
2009.0,110000,50000.0,2,False,False,False,False,True,False,False,True,False,False,True,False,False,18
2008.0,300000,30000.0,1,False,False,False,False,True,False,False,True,False,False,True,False,False,18
2012.0,700000,10000.0,1,False,False,False,False,True,False,False,True,False,False,True,False,False,9
2009.0,135000,90000.0,4,False,True,False,False,False,False,False,True,False,False,True,False,False,25
2015.0,500000,110000.0,1,False,True,False,False,False,False,False,True,False,False,True,False,False,17
2012.0,550000,120000.0,2,False,True,False,False,False,False,False,True,False,False,True,False,False,17
2014.0,1050000,90000.0,3,False,True,False,False,False,False,False,True,False,False,True,False,False,26
2016.0,500000,20000.0,1,False,False,False,False,True,False,False,True,False,False,True,False,False,9
2011.0,180000,90000.0,2,False,True,False,False,False,False,False,True,False,False,True,False,False,18
2010.0,170000,50000.0,2,False,False,False,False,True,False,False,True,False,False,True,False,False,10
2019.0,484999,9000.0,1,False,False,False,False,True,False,False,True,False,False,True,False,False,9
2011.0,150000,70000.0,2,False,False,False,False,True,False,False,True,False,False,True,False,False,18
2018.0,380000,25000.0,1,False,False,False,False,True,False,False,True,False,False,True,False,False,18
2019.0,480000,10000.0,1,False,False,False,False,True,False,False,True,False,False,True,False,False,10
2011.0,290000,60000.0,2,False,True,False,False,False,False,False,True,False,False,True,False,False,27
2013.0,350000,70000.0,1,False,False,False,False,True,False,False,True,False,False,True,False,False,6
2014.0,110000,25000.0,1,False,False,False,False,True,False,False,True,False,False,True,False,False,18
2003.0,70000,80000.0,3,False,False,False,False,True,False,False,True,False,False,True,False,False,10
2011.0,300000,70000.0,3,False,False,False,False,True,False,True,False,False,False,True,False,False,27
2017.0,180000,60000.0,1,False,False,False,False,True,False,False,True,False,False,True,False,False,18
2020.0,300000,20000.0,1,False,False,False,False,True,False,False,True,False,False,True,False,False,23
2017.0,509000,60000.0,1,False,False,False,False,True,False,False,True,False,False,True,False,False,18
2016.0,650000,80000.0,1,False,True,False,False,False,False,False,True,False,False,True,False,False,18
2015.0,450000,70000.0,3,False,True,False,False,False,False,False,True,False,False,True,False,False,18
1999.0,170000,2020.0,2,False,True,False,False,False,False,False,True,False,False,True,False,False,17
2007.0,210000,100000.0,2,False,True,False,False,False,False,False,True,False,False,True,False,False,17
2013.0,360000,80000.0,2,False,True,False,False,False,False,False,True,False,False,True,False,False,10
2011.0,495000,120000.0,2,False,True,False,False,False,False,False,True,False,False,True,False,False,26
2006.0,105000,100000.0,3,False,False,False,False,True,False,False,True,False,False,True,False,False,18
2010.0,270000,60000.0,3,False,False,False,False,True,False,False,True,False,False,True,False,False,10
2010.0,130000,110000.0,1,False,False,False,False,True,False,False,True,False,False,True,False,False,8
2014.0,700000,90000.0,2,False,True,False,False,False,False,False,True,False,False,True,False,False,9
2012.0,400000,40000.0,1,False,True,False,False,False,False,False,True,False,False,True,False,False,3
2009.0,250000,60000.0,2,False,False,False,False,True,False,False,True,False,False,True,False,False,18
2013.0,325000,94000.0,2,False,True,False,False,False,False,False,True,False,False,True,False,False,9
2014.0,69000,100000.0,1,False,False,False,False,True,False,False,True,False,False,True,False,False,18
2007.0,90000,90000.0,1,False,False,False,False,True,False,False,True,False,False,True,False,False,18
2016.0,1000000,40000.0,1,False,True,False,False,False,False,False,True,False,False,True,False,False,17
2010.0,145000,90000.0,2,True,False,False,False,False,False,False,True,False,False,True,False,False,10
2020.0,250000,1100.0,4,False,False,False,False,True,False,False,True,False,False,True,False,False,18
2011.0,256000,70000.0,3,False,True,False,False,False,False,False,True,False,False,True,False,False,18
2005.0,70000,120000.0,1,False,True,False,False,False,False,False,True,False,False,True,False,False,25
2000.0,50000,88500.0,4,False,False,False,False,True,False,False,True,False,False,True,False,False,18
2016.0,240000,70000.0,2,False,False,False,False,True,False,False,True,False,False,True,False,False,23
2010.0,97000,128000.0,1,False,False,False,False,True,False,False,True,False,False,True,False,False,25
2012.0,130000,120000.0,1,False,True,False,False,False,False,False,True,False,False,True,False,False,25
2009.0,199000,60000.0,1,False,False,False,False,True,False,False,True,False,False,True,False,False,18
2006.0,125000,70000.0,1,False,False,False,False,True,False,True,False,False,False,True,False,False,9
2015.0,420000,60000.0,1,False,True,False,False,False,False,False,True,False,False,True,False,False,10
2016.0,525000,110000.0,1,False,True,False,False,False,False,False,True,False,False,True,False,False,17
2008.0,125000,85000.0,1,False,False,False,False,True,False,False,True,False,False,True,False,False,10
2010.0,325000,135000.0,1,False,True,False,False,False,False,False,True,False,False,True,False,False,10
2012.0,330000,86000.0,4,False,True,False,False,False,False,False,True,False,False,True,False,False,27
2010.0,110000,50000.0,1,False,False,False,False,True,False,False,True,False,False,True,False,False,18
2019.0,450000,1950.0,1,False,False,False,False,True,False,False,True,False,False,True,False,False,18
2005.0,85000,118400.0,1,False,False,False,False,True,False,False,True,False,False,True,False,False,18
2007.0,229999,60000.0,2,False,False,False,False,True,False,False,True,False,False,True,False,False,9
2012.0,250000,60000.0,2,False,False,False,False,True,False,False,True,False,False,True,False,False,10
2015.0,650000,68000.0,1,False,True,False,False,False,False,False,True,False,False,True,False,False,8
2017.0,650000,6480.0,1,False,False,False,False,True,False,False,True,False,False,False,True,False,26
2017.0,750000,32077.0,1,False,True,False,False,False,False,False,True,False,False,False,True,False,18
2018.0,850000,60000.0,1,False,False,False,False,True,False,False,True,False,False,False,True,False,26
2017.0,315000,18469.0,1,False,False,False,False,True,False,False,True,False,False,False,True,False,10
2015.0,415000,28217.0,1,False,False,False,False,True,False,False,True,False,False,False,True,False,18
2016.0,640000,72787.0,1,False,True,False,False,False,False,False,True,False,False,False,True,False,18
2017.0,780000,31063.0,1,False,False,False,False,True,False,False,True,False,False,False,True,False,18
2015.0,850000,58692.0,1,False,True,False,False,False,False,False,True,False,False,False,True,False,10
2015.0,900000,54784.0,1,False,True,False,False,False,False,False,True,False,False,False,True,False,10
2016.0,1150000,64156.0,1,False,False,False,False,True,False,False,True,False,False,False,True,False,26
2007.0,75000,54000.0,1,False,False,False,False,True,False,False,True,False,False,True,False,False,18
2012.0,215000,97000.0,1,False,True,False,False,False,False,False,True,False,False,True,False,False,27
2009.0,130000,120000.0,2,False,False,False,False,True,False,True,False,False,False,True,False,False,18
2019.0,400000,16000.0,1,False,False,False,False,True,False,True,False,False,False,True,False,False,10
2019.0,550000,60000.0,1,False,False,False,False,True,False,True,False,False,False,True,False,False,18
2016.0,245000,52000.0,1,False,False,False,False,True,False,False,True,False,True,False,False,False,3
2010.0,320000,110000.0,4,False,True,False,False,False,False,False,True,False,False,True,False,False,18
2016.0,730000,60000.0,2,False,True,False,False,False,False,True,False,False,False,True,False,False,17
2005.0,120000,100000.0,3,False,False,False,False,True,False,False,True,False,False,True,False,False,8
2017.0,950000,35000.0,1,False,False,False,False,True,False,False,True,False,False,True,False,False,9
2017.0,350000,48000.0,3,False,False,False,False,True,False,False,True,False,False,True,False,False,18
2005.0,100000,20000.0,2,False,False,False,False,True,False,False,True,False,False,True,False,False,18
2017.0,350000,30000.0,1,False,False,False,False,True,False,False,True,False,False,True,False,False,18
2013.0,370000,60000.0,1,False,False,False,False,True,False,False,True,False,False,True,False,False,10
2012.0,160000,70000.0,2,False,False,False,False,True,False,False,True,False,False,True,False,False,10
2009.0,130000,120000.0,1,False,True,False,False,False,False,False,True,False,False,True,False,False,25
2016.0,250000,30000.0,1,False,False,False,False,True,False,False,True,False,False,True,False,False,3
2012.0,270000,80000.0,2,False,True,False,False,False,False,False,True,False,False,True,False,False,25
2013.0,160000,80000.0,0,False,False,False,False,True,False,False,True,False,False,True,False,False,10
2016.0,229999,80000.0,1,False,False,False,False,True,False,False,True,False,False,True,False,False,10
2017.0,750000,29000.0,1,False,True,False,False,False,False,False,True,False,False,True,False,False,17
2011.0,195000,120000.0,1,False,True,False,False,False,False,False,True,False,False,True,False,False,3
2018.0,1100000,20000.0,1,False,True,False,False,False,False,False,True,False,False,True,False,False,17
2016.0,270000,22000.0,1,False,False,False,False,True,False,False,True,False,False,True,False,False,5
2012.0,300000,50000.0,1,False,False,False,False,True,False,False,True,False,False,True,False,False,24
2012.0,200000,50000.0,1,False,True,False,False,False,False,False,True,False,False,True,False,False,3
2007.0,120000,81366.0,1,False,False,False,False,True,False,False,True,False,False,True,False,False,18
2006.0,95000,110000.0,1,False,False,False,False,True,False,False,True,False,False,True,False,False,18
2006.0,229999,60000.0,1,False,True,False,False,False,False,False,True,False,False,True,False,False,26
2012.0,300000,90000.0,1,False,True,False,False,False,False,False,True,False,False,True,False,False,23
2016.0,200000,53000.0,2,False,False,False,False,True,False,False,True,False,False,True,False,False,23
2017.0,250000,30000.0,1,False,False,False,False,True,False,False,True,False,False,True,False,False,18
2012.0,368000,90000.0,2,False,False,False,False,True,False,False,True,False,False,True,False,False,18
1997.0,150000,120000.0,3,False,True,False,False,False,False,False,True,False,False,True,False,False,17
2012.0,180000,60000.0,1,False,False,False,True,False,False,False,True,False,False,True,False,False,18
2017.0,525000,15000.0,1,False,False,False,False,True,False,False,True,False,False,True,False,False,10
2005.0,350000,150000.0,2,False,True,False,False,False,False,False,True,False,False,True,False,False,8
2018.0,850000,30000.0,2,False,True,False,False,False,False,False,True,False,False,True,False,False,17
2005.0,160000,67000.0,1,False,False,False,False,True,False,False,True,False,False,True,False,False,18
2017.0,500000,40000.0,1,False,True,False,False,False,False,False,True,False,False,True,False,False,18
2008.0,130000,100000.0,1,False,False,False,False,True,False,False,True,False,False,True,False,False,10
2015.0,350000,100000.0,2,False,True,False,False,False,False,False,True,False,False,True,False,False,25
2005.0,70000,80000.0,1,False,False,False,False,True,False,False,True,False,False,True,False,False,18
2014.0,750000,145000.0,2,False,True,False,False,False,False,False,True,False,False,True,False,False,26
2013.0,450000,53000.0,1,False,True,False,False,False,False,False,True,False,False,True,False,False,9
2015.0,430000,73000.0,3,False,True,False,False,False,False,False,True,False,False,True,False,False,18
2011.0,260000,90000.0,3,False,True,False,False,False,False,False,True,False,False,True,False,False,18
2013.0,370000,80000.0,3,False,True,False,False,False,False,False,True,False,False,True,False,False,18
2011.0,229999,100000.0,1,True,False,False,False,False,False,False,True,False,False,True,False,False,3
2011.0,140000,90000.0,3,False,True,False,False,False,False,False,True,False,False,True,False,False,8
2020.0,545000,7300.0,1,False,False,False,False,True,False,False,True,False,False,True,False,False,10
2017.0,200000,30000.0,1,False,False,False,False,True,False,False,True,False,False,True,False,False,5
2015.0,500000,120000.0,1,False,True,False,False,False,False,False,True,False,False,True,False,False,25
2008.0,70000,90000.0,2,False,False,False,False,True,False,False,True,False,False,True,False,False,18
2013.0,580000,25000.0,3,False,True,False,False,False,False,False,True,False,False,True,False,False,17
2012.0,160000,70000.0,2,True,False,False,False,False,False,False,True,False,False,True,False,False,18
2010.0,160000,36000.0,1,False,False,False,False,True,False,False,True,False,False,True,False,False,18
2016.0,760000,49000.0,1,False,True,False,False,False,False,False,True,False,False,True,False,False,18
2015.0,300000,22000.0,1,False,False,False,False,True,False,False,True,False,False,True,False,False,10
1998.0,50000,35000.0,2,False,False,False,True,False,False,False,True,False,False,True,False,False,18
2019.0,800000,24000.0,1,False,True,False,False,False,False,False,True,False,False,True,False,False,17
2018.0,680000,20000.0,1,False,True,False,False,False,False,False,True,False,False,True,False,False,18
2014.0,85000,50000.0,2,False,False,False,True,False,False,False,True,False,False,True,False,False,18
2016.0,500000,60000.0,1,False,False,False,False,True,False,False,True,False,False,True,False,False,18
2008.0,145000,60000.0,1,False,False,False,False,True,False,False,True,False,False,True,False,False,10
2014.0,300000,60000.0,1,False,True,False,False,False,False,False,True,False,False,True,False,False,17
2017.0,600000,60000.0,2,False,True,False,False,False,False,False,True,False,False,True,False,False,18
2015.0,400000,70000.0,2,False,False,False,False,True,False,False,True,False,False,True,False,False,18
2007.0,130000,135000.0,2,False,False,False,False,True,False,False,True,False,False,True,False,False,10
2001.0,45000,72539.0,2,False,False,False,False,True,False,False,True,False,False,True,False,False,18
2017.0,641000,25000.0,1,False,False,False,False,True,False,False,True,False,False,True,False,False,18
2015.0,650000,50000.0,1,False,True,False,False,False,False,False,True,False,False,True,False,False,18
2020.0,784000,101.0,5,False,True,False,False,False,False,False,True,False,True,False,False,False,8
2020.0,635000,101.0,5,False,False,False,False,True,False,False,True,False,False,True,False,False,8
2020.0,1000000,101.0,5,False,True,False,False,False,False,False,True,False,True,False,False,False,8
2015.0,495000,52328.0,1,False,True,False,False,False,False,False,True,False,True,False,False,False,8
2013.0,324000,30000.0,1,False,False,False,False,True,False,False,True,False,False,True,False,False,10
2018.0,200000,35000.0,1,False,False,False,False,True,False,False,True,False,False,True,False,False,18
2015.0,320000,60000.0,1,False,True,False,False,False,False,False,True,False,False,True,False,False,18
2015.0,300000,20500.0,1,False,False,False,False,True,False,False,True,False,False,True,False,False,10
2008.0,500000,154000.0,3,False,True,False,False,False,False,False,True,False,False,True,False,False,26
2011.0,305000,120000.0,2,False,False,False,False,True,False,False,True,False,False,True,False,False,26
2009.0,125000,50000.0,4,False,False,False,False,True,False,False,True,False,False,True,False,False,18
2015.0,800000,135000.0,1,False,True,False,False,False,False,False,True,False,False,True,False,False,18
2009.0,420000,100000.0,1,False,True,False,False,False,False,False,True,False,False,True,False,False,17
2014.0,875000,40000.0,1,False,True,False,False,False,False,False,True,False,False,True,False,False,18
2014.0,580000,70000.0,1,False,True,False,False,False,False,False,True,False,False,True,False,False,18
2011.0,350000,133000.0,2,False,True,False,False,False,False,False,True,False,False,True,False,False,18
2004.0,120000,110000.0,2,False,False,False,False,True,False,False,True,False,False,True,False,False,10
2013.0,650000,120000.0,1,False,True,False,False,False,False,False,True,False,False,True,False,False,23
2010.0,225000,80000.0,2,False,False,False,False,True,False,False,True,False,False,True,False,False,18
2014.0,400000,15000.0,1,False,False,False,False,True,False,True,False,False,False,True,False,False,9
2005.0,250000,70000.0,1,False,False,False,False,True,False,False,True,False,False,True,False,False,10
2014.0,120000,41723.0,2,False,False,False,False,True,False,False,True,False,False,True,False,False,10
2010.0,250000,70000.0,1,False,False,False,False,True,False,False,True,False,False,True,False,False,18
2012.0,175000,20000.0,0,False,False,False,False,True,False,False,True,False,False,True,False,False,18
2018.0,590000,26350.0,1,False,True,False,False,False,False,False,True,False,True,False,False,False,18
2015.0,225000,68745.0,1,False,True,False,False,False,False,False,True,False,True,False,False,False,25
2016.0,900000,47000.0,1,False,True,False,False,False,False,False,True,False,False,True,False,False,17
2017.0,375000,27289.0,1,False,False,False,False,True,False,True,False,False,True,False,False,False,18
2016.0,320000,24662.0,1,False,False,False,False,True,False,False,True,False,True,False,False,False,10
2013.0,525000,37000.0,1,False,True,False,False,False,False,False,True,False,True,False,False,False,18
2014.0,650000,28245.0,1,False,True,False,False,False,False,False,True,False,True,False,False,False,21
2017.0,575000,27005.0,1,False,True,False,False,False,False,False,True,False,True,False,False,False,10
2014.0,355000,39227.0,1,False,False,False,False,True,False,False,True,False,True,False,False,False,10
2016.0,470000,31367.0,1,False,True,False,False,False,False,False,True,False,True,False,False,False,17
2008.0,221000,35008.0,1,False,False,False,False,True,False,False,True,False,True,False,False,False,18
2009.0,195000,27005.0,1,False,False,False,False,True,False,False,True,False,True,False,False,False,10
2004.0,90000,100005.0,2,False,False,False,False,True,False,False,True,False,True,False,False,False,10
2013.0,580000,45264.0,1,False,True,False,False,False,False,False,True,False,True,False,False,False,10
2014.0,325000,39093.0,1,False,False,False,False,True,False,False,True,False,True,False,False,False,18
2013.0,495000,45241.0,1,False,False,False,False,True,False,False,True,False,True,False,False,False,9
2014.0,290000,12000.0,1,False,True,False,False,False,False,False,True,False,True,False,False,False,10
2018.0,375000,2769.0,1,False,False,False,False,True,False,False,True,False,True,False,False,False,5
2014.0,211000,43128.0,1,False,True,False,False,False,False,False,True,False,True,False,False,False,25
2010.0,270000,110000.0,0,False,False,False,False,True,False,False,True,False,False,True,False,False,10
2004.0,70000,50000.0,2,False,False,False,False,True,False,False,True,False,False,True,False,False,18
2010.0,225000,60000.0,2,False,False,False,False,True,False,False,True,False,False,True,False,False,10
2014.0,420000,70000.0,3,False,True,False,False,False,False,False,True,False,False,True,False,False,17
2015.0,280000,22255.0,1,False,False,False,False,True,False,False,True,False,False,True,False,False,3
2013.0,400000,59213.0,1,False,False,False,False,True,False,False,True,False,False,True,False,False,10
2015.0,850000,55000.0,1,False,True,False,False,False,False,False,True,False,False,True,False,False,17
2011.0,550000,80000.0,1,False,True,False,False,False,False,False,True,False,False,True,False,False,8
2018.0,1000000,40000.0,0,False,True,False,False,False,False,False,True,False,False,True,False,False,23
2007.0,170000,70000.0,3,False,False,False,False,True,False,False,True,False,False,True,False,False,9
2020.0,828999,1010.0,5,False,False,False,False,True,False,False,True,False,True,False,False,False,8
2020.0,1119000,1010.0,5,False,False,False,False,True,False,False,True,False,True,False,False,False,8
2020.0,746000,1111.0,5,False,False,False,False,True,False,False,True,False,True,False,False,False,8
2020.0,1030000,1010.0,5,False,False,False,False,True,False,False,True,False,True,False,False,False,8
2020.0,811999,1010.0,5,False,False,False,False,True,False,False,True,False,True,False,False,False,8
2020.0,852000,1010.0,5,False,False,False,False,True,False,False,True,False,True,False,False,False,8
2006.0,45000,120000.0,2,False,True,False,False,False,False,False,True,False,False,True,False,False,25
2013.0,430000,70000.0,3,False,True,False,False,False,False,False,True,False,False,True,False,False,23
2015.0,830000,70000.0,1,False,True,False,False,False,False,False,True,False,False,True,False,False,17
2009.0,409999,110000.0,2,False,True,False,False,False,False,False,True,False,False,True,False,False,17
2012.0,190000,80000.0,3,False,True,False,False,False,False,False,True,False,False,True,False,False,18
2007.0,200000,80000.0,2,False,False,False,False,True,False,False,True,False,False,True,False,False,9
2006.0,120000,110000.0,2,False,False,False,False,True,False,False,True,False,False,True,False,False,10
2019.0,850000,50000.0,1,False,True,False,False,False,False,False,True,False,False,True,False,False,17
2011.0,95000,115000.0,4,False,True,False,False,False,False,False,True,False,False,True,False,False,25
2013.0,213000,80000.0,1,False,False,False,False,True,False,False,True,False,False,True,False,False,18
2018.0,660000,25000.0,1,False,True,False,False,False,False,False,True,False,False,True,False,False,27
2017.0,415000,48965.0,1,False,False,False,False,True,False,False,True,False,True,False,False,False,21
2019.0,1100000,5166.0,5,False,False,False,False,True,False,False,True,False,True,False,False,False,8
2012.0,650000,76290.0,1,False,True,False,False,False,False,False,True,False,True,False,False,False,17
2016.0,969999,70000.0,2,False,True,False,False,False,False,True,False,False,False,True,False,False,17
2017.0,715000,25000.0,1,False,True,False,False,False,False,True,False,False,False,True,False,False,18
2016.0,565000,47000.0,1,False,True,False,False,False,False,False,True,False,True,False,False,False,18
2013.0,615000,45766.0,2,False,True,False,False,False,False,False,True,False,False,True,False,False,17
2007.0,199000,78771.0,2,False,True,False,False,False,False,False,True,False,True,False,False,False,25
2010.0,325000,79357.0,1,False,True,False,False,False,False,False,True,False,True,False,False,False,18
2012.0,409999,28000.0,1,False,True,False,False,False,False,False,True,False,False,True,False,False,8
2012.0,500000,72000.0,2,False,True,False,False,False,False,True,False,False,True,False,False,False,10
2011.0,225000,76736.0,2,False,True,False,False,False,False,False,True,False,True,False,False,False,8
2014.0,135000,70000.0,2,False,False,False,False,True,False,False,True,False,False,True,False,False,18
2012.0,750000,80000.0,2,False,True,False,False,False,False,True,False,False,False,True,False,False,23
2009.0,155000,60000.0,2,False,False,False,True,False,False,False,True,False,False,True,False,False,18
2012.0,335000,77000.0,3,False,True,False,False,False,False,False,True,False,True,False,False,False,27
2005.0,114999,92645.0,4,False,True,False,False,False,False,False,True,False,True,False,False,False,8
2007.0,699000,101849.0,2,False,True,False,False,False,False,False,True,False,True,False,False,False,19
2004.0,110000,120000.0,4,False,True,False,False,False,False,False,True,False,False,True,False,False,17
2012.0,300000,80000.0,1,False,False,False,False,True,False,False,True,False,False,True,False,False,10
2014.0,700000,70000.0,2,False,True,False,False,False,False,False,True,False,False,True,False,False,17
2017.0,700000,120000.0,1,False,True,False,False,False,False,False,True,False,False,True,False,False,18
2013.0,210000,42000.0,3,False,False,False,False,True,False,False,True,False,False,True,False,False,18
2012.0,600000,120000.0,3,False,True,False,False,False,False,False,True,False,False,True,False,False,18
2012.0,180000,155836.0,2,False,True,False,False,False,False,False,True,False,False,True,False,False,25
2011.0,220000,59000.0,2,False,False,False,False,True,False,False,True,False,False,True,False,False,18
2009.0,70000,60000.0,1,False,False,False,False,True,False,False,True,False,False,True,False,False,3
2018.0,950000,70000.0,2,False,True,False,False,False,False,False,True,False,False,True,False,False,10
2014.0,800000,20000.0,1,False,True,False,False,False,False,False,True,False,False,True,False,False,8
2012.0,700000,120000.0,3,False,True,False,False,False,False,False,True,False,False,True,False,False,17
2016.0,265000,40000.0,1,False,False,False,False,True,False,False,True,False,False,True,False,False,23
2011.0,175000,90000.0,3,False,True,False,False,False,False,False,True,False,False,True,False,False,27
2012.0,260000,89000.0,2,False,True,False,False,False,False,False,True,False,False,True,False,False,17
2013.0,950000,80000.0,3,False,True,False,False,False,False,False,True,False,False,True,False,False,26
2015.0,630000,60000.0,1,False,True,False,False,False,False,False,True,False,False,True,False,False,17
2012.0,35000,35000.0,3,False,False,False,False,True,False,False,True,False,False,True,False,False,25
2016.0,535000,60000.0,0,False,True,False,False,False,False,False,True,False,False,True,False,False,10
2017.0,550000,60000.0,1,False,False,False,False,True,False,True,False,False,True,False,False,False,10
2009.0,150000,120000.0,1,False,False,False,False,True,False,False,True,False,False,True,False,False,18
2008.0,105000,90000.0,1,False,True,False,False,False,False,False,True,False,False,True,False,False,25
2013.0,185000,65000.0,1,False,True,False,False,False,False,False,True,False,False,True,False,False,25
2014.0,260000,50000.0,1,False,True,False,False,False,False,False,True,False,False,True,False,False,6
2012.0,450000,33000.0,1,False,True,False,False,False,False,False,True,False,False,True,False,False,18
2016.0,500000,38000.0,1,False,False,False,False,True,False,False,True,False,False,True,False,False,18
2012.0,260000,40000.0,1,False,False,False,False,True,False,False,True,False,False,True,False,False,18
2012.0,265000,55000.0,2,False,True,False,False,False,False,False,True,False,False,True,False,False,27
2014.0,800000,26000.0,2,False,True,False,False,False,False,False,True,False,False,True,False,False,17
2016.0,869999,80000.0,1,False,True,False,False,False,False,False,True,False,False,True,False,False,25
2018.0,690000,40000.0,1,False,False,False,False,True,False,False,True,False,False,True,False,False,18
2011.0,825000,120000.0,1,False,True,False,False,False,False,False,True,False,False,True,False,False,20
2006.0,160000,63230.0,2,False,False,False,False,True,False,False,True,False,False,True,False,False,18
2006.0,300000,120000.0,2,False,True,False,False,False,False,False,True,False,False,True,False,False,17
2005.0,100000,100000.0,3,False,False,False,False,True,False,False,True,False,False,True,False,False,18
2015.0,530000,77000.0,2,False,True,False,False,False,False,False,True,False,False,True,False,False,10
2016.0,360000,30000.0,1,False,False,False,False,True,False,False,True,False,False,True,False,False,18
2015.0,220000,40000.0,1,False,False,False,False,True,False,False,True,False,False,True,False,False,18
2017.0,178000,35000.0,1,False,False,False,False,True,False,False,True,False,False,True,False,False,18
2018.0,515000,5000.0,1,False,True,False,False,False,False,False,True,False,False,True,False,False,17
2014.0,300000,35000.0,1,False,False,False,False,True,False,False,True,False,False,True,False,False,18
2012.0,150000,80000.0,2,False,True,False,False,False,False,False,True,False,False,True,False,False,25
2017.0,750000,15000.0,1,False,False,False,False,True,False,False,True,False,False,True,False,False,25
2017.0,800000,26000.0,2,False,True,False,False,False,False,False,True,False,False,True,False,False,17
2012.0,950000,80000.0,1,False,True,False,False,False,False,False,True,False,False,True,False,False,26
2006.0,90000,40000.0,2,False,False,False,False,True,False,False,True,False,False,True,False,False,18
2008.0,65000,110000.0,3,False,False,False,False,True,False,False,True,False,False,True,False,False,25
2012.0,312000,90000.0,2,False,True,False,False,False,False,False,True,False,False,True,False,False,10
2018.0,700000,25000.0,1,False,True,False,False,False,False,False,True,False,False,True,False,False,18
2005.0,150000,47000.0,1,False,False,False,False,True,False,False,True,False,False,True,False,False,10
2013.0,450000,60000.0,1,False,True,False,False,False,False,False,True,False,False,True,False,False,23
2010.0,229999,120000.0,2,False,True,False,False,False,False,False,True,False,False,True,False,False,10
2008.0,111000,120000.0,1,False,True,False,False,False,False,False,True,False,False,True,False,False,18
2012.0,250000,140000.0,2,False,True,False,False,False,False,False,True,False,False,True,False,False,18
2019.0,750000,1001.0,1,False,True,False,False,False,False,False,True,False,True,False,False,False,8
2017.0,774000,1758.0,1,False,False,False,False,True,False,True,False,False,True,False,False,False,8
2018.0,711000,1452.0,1,False,False,False,False,True,False,True,False,False,True,False,False,False,8
2017.0,600000,35122.0,1,False,True,False,False,False,False,False,True,False,True,False,False,False,8
2015.0,455000,92621.0,1,False,True,False,False,False,False,False,True,False,True,False,False,False,18
2015.0,225000,92198.0,2,False,False,False,False,True,False,False,True,False,True,False,False,False,5
2019.0,650000,5000.0,1,False,True,False,False,False,False,False,True,False,False,True,False,False,18
2013.0,200000,60000.0,1,False,False,False,False,True,False,False,True,False,False,True,False,False,3
2016.0,875000,74000.0,1,False,True,False,False,False,False,True,False,False,False,True,False,False,10
2017.0,750000,40000.0,1,False,True,False,False,False,False,True,False,False,False,True,False,False,24
2019.0,725000,22000.0,1,False,True,False,False,False,False,True,False,False,False,True,False,False,18
2007.0,100000,100000.0,2,False,False,False,False,True,False,False,True,False,False,True,False,False,18
2019.0,1100000,40000.0,1,False,True,False,False,False,False,False,True,False,False,True,False,False,25
2016.0,280000,23000.0,1,False,False,False,False,True,False,False,True,False,False,True,False,False,23
2009.0,150000,30000.0,1,False,True,False,False,False,False,False,True,False,False,True,False,False,25
2010.0,200000,50000.0,1,False,False,False,False,True,False,False,True,False,False,True,False,False,25
2010.0,148000,100000.0,2,False,True,False,False,False,False,False,True,False,False,True,False,False,18
2011.0,254999,70000.0,2,False,False,False,False,True,False,False,True,False,False,True,False,False,18
2013.0,360000,60000.0,2,False,False,False,False,True,False,False,True,False,False,True,False,False,18
2006.0,95000,90000.0,2,False,False,False,False,True,False,False,True,False,False,True,False,False,18
2012.0,185000,40000.0,1,False,True,False,False,False,False,False,True,False,False,True,False,False,25
2019.0,300000,15000.0,1,False,False,False,False,True,False,False,True,False,False,True,False,False,23
2018.0,800000,40000.0,1,False,False,False,False,True,False,False,True,False,False,True,False,False,10
2000.0,60000,50000.0,1,False,False,False,False,True,False,False,True,False,False,True,False,False,18
2010.0,80000,50000.0,2,False,False,False,False,True,False,False,True,False,False,True,False,False,6
2018.0,500000,8000.0,1,False,False,False,False,True,False,False,True,False,False,True,False,False,10
2013.0,250000,35000.0,1,False,False,False,False,True,False,False,True,False,False,True,False,False,10
2010.0,250000,80000.0,1,False,True,False,False,False,False,False,True,False,False,True,False,False,25
2005.0,125000,50000.0,2,False,False,False,False,True,False,False,True,False,False,True,False,False,18
2002.0,100000,80000.0,4,False,False,False,False,True,False,False,True,False,False,True,False,False,18
2010.0,480000,90000.0,1,False,True,False,False,False,False,False,True,False,False,True,False,False,17
2018.0,320000,30000.0,2,False,False,False,False,True,False,False,True,False,False,True,False,False,17
2010.0,130000,70000.0,2,False,False,False,False,True,False,False,True,False,False,True,False,False,18
2006.0,57000,60000.0,2,False,True,False,False,False,False,False,True,False,False,True,False,False,25
2005.0,75000,60000.0,1,False,False,False,False,True,False,False,True,False,False,True,False,False,10
2003.0,60000,35000.0,1,False,False,False,False,True,False,False,True,False,False,True,False,False,18
2008.0,125000,70000.0,1,False,False,False,False,True,False,False,True,False,False,True,False,False,18
2004.0,105000,100000.0,3,False,True,False,False,False,False,False,True,False,False,True,False,False,9
2008.0,125000,152000.0,2,False,False,False,True,False,False,False,True,False,False,True,False,False,18
1998.0,69000,70000.0,2,False,False,False,False,True,False,False,True,False,False,True,False,False,18
2012.0,130000,90000.0,2,False,True,False,False,False,False,False,True,False,False,True,False,False,25
2019.0,630000,40000.0,1,False,True,False,False,False,False,False,True,False,False,True,False,False,18
2016.0,330000,50000.0,2,False,False,False,False,True,False,False,True,False,False,True,False,False,9
2014.0,340000,15000.0,2,False,False,False,False,True,False,False,True,False,False,True,False,False,18
2006.0,60000,120000.0,3,False,False,False,False,True,False,False,True,False,False,True,False,False,10
2014.0,550000,78322.0,1,False,True,False,False,False,False,False,True,False,False,True,False,False,25
2014.0,480000,110000.0,2,False,True,False,False,False,False,False,True,False,False,True,False,False,18
2013.0,315000,80000.0,2,False,True,False,False,False,False,False,True,False,False,True,False,False,10
2012.0,165000,120000.0,1,False,True,False,False,False,False,False,True,False,False,True,False,False,8
2016.0,170000,125000.0,1,False,False,False,False,True,False,False,True,False,False,True,False,False,3
2018.0,550000,8000.0,1,False,False,False,False,True,False,False,True,False,False,True,False,False,18
2018.0,465000,13000.0,1,False,False,False,False,True,False,False,True,False,False,True,False,False,27
2012.0,120000,80000.0,3,False,True,False,False,False,False,False,True,False,False,True,False,False,25
2008.0,220000,54309.0,1,False,False,False,False,True,False,False,True,False,False,True,False,False,10
2011.0,180000,70000.0,2,False,True,False,False,False,False,False,True,False,False,True,False,False,8
2006.0,150000,34600.0,3,False,False,False,False,True,False,False,True,False,False,True,False,False,3
2016.0,520000,25000.0,1,False,False,False,False,True,False,False,True,False,False,True,False,False,25
2013.0,430000,80000.0,0,False,True,False,False,False,False,False,True,False,False,True,False,False,25
2009.0,300000,55000.0,2,False,True,False,False,False,False,False,True,False,False,True,False,False,17
2020.0,1000000,5000.0,1,False,True,False,False,False,False,False,True,False,False,True,False,False,10
2017.0,725000,30000.0,0,False,True,False,False,False,False,False,True,False,False,True,False,False,9
2011.0,500000,31000.0,1,False,True,False,False,False,False,False,True,False,False,True,False,False,10
2011.0,250000,50000.0,1,False,False,False,False,True,False,False,True,False,False,True,False,False,18
2018.0,700000,38217.0,1,False,True,False,False,False,False,False,True,False,False,True,False,False,18
2011.0,185000,50000.0,3,False,False,False,False,True,False,False,True,False,False,True,False,False,8
2011.0,200000,120000.0,1,False,True,False,False,False,False,False,True,False,False,True,False,False,18
2004.0,315000,110000.0,3,False,True,False,False,False,False,False,True,False,False,True,False,False,17
2016.0,370000,60000.0,1,False,False,False,False,True,False,False,True,False,False,True,False,False,17
2016.0,280000,60000.0,1,False,False,False,False,True,False,False,True,False,False,True,False,False,23
2011.0,250000,50000.0,1,False,False,False,False,True,False,False,True,False,False,True,False,False,10
2019.0,500000,15000.0,1,False,False,False,False,True,False,False,True,False,False,True,False,False,18
2008.0,400000,35000.0,0,False,False,False,False,True,False,False,True,False,False,True,False,False,26
2014.0,200000,100000.0,1,False,True,False,False,False,False,False,True,False,False,True,False,False,25
2016.0,284000,60000.0,2,False,True,False,False,False,False,False,True,False,False,True,False,False,18
2007.0,80000,60000.0,3,False,False,False,False,True,False,False,True,False,False,True,False,False,18
2014.0,170000,77000.0,1,False,False,False,False,True,False,False,True,False,False,True,False,False,3
2011.0,150000,60000.0,1,False,False,False,False,True,False,False,True,False,False,True,False,False,10
2010.0,110000,77073.0,2,False,False,False,False,True,False,False,True,False,False,True,False,False,25
2016.0,400000,70000.0,1,False,True,False,False,False,False,False,True,False,False,True,False,False,8
2013.0,275000,90000.0,2,False,False,False,True,False,False,False,True,False,False,True,False,False,10
2014.0,550000,90000.0,1,False,True,False,False,False,False,False,True,False,False,True,False,False,17
2007.0,125000,100000.0,2,False,False,False,False,True,False,False,True,False,False,True,False,False,18
2010.0,135000,60000.0,2,False,False,False,False,True,False,False,True,False,False,True,False,False,3
2012.0,349000,150000.0,1,False,True,False,False,False,False,False,True,False,False,True,False,False,17
2014.0,458000,80000.0,1,False,True,False,False,False,False,False,True,False,False,True,False,False,18
2018.0,300000,35000.0,1,False,False,False,False,True,False,False,True,False,False,True,False,False,18
2008.0,95000,70000.0,1,False,False,False,False,True,False,False,True,False,False,True,False,False,18
2018.0,850000,50000.0,1,False,True,False,False,False,False,False,True,False,False,True,False,False,18
2019.0,750000,25000.0,0,False,True,False,False,False,False,False,True,False,False,True,False,False,8
2013.0,190000,120000.0,1,False,True,False,False,False,False,False,True,False,False,True,False,False,8
2009.0,150000,70000.0,1,False,False,False,False,True,False,False,True,False,False,True,False,False,18
2009.0,114999,106000.0,3,False,False,False,False,True,False,False,True,False,False,True,False,False,10
2010.0,320000,120000.0,3,False,False,False,False,True,False,False,True,False,False,True,False,False,26
2019.0,300000,120000.0,1,True,False,False,False,False,False,False,True,False,False,True,False,False,18
2016.0,275000,160000.0,1,False,False,False,False,True,False,False,True,False,False,True,False,False,18
2010.0,140000,120000.0,2,False,False,False,False,True,False,False,True,False,False,True,False,False,3
2020.0,830000,10000.0,1,False,False,False,False,True,False,False,True,False,False,True,False,False,25
2013.0,380000,50000.0,1,False,False,False,False,True,False,False,True,False,False,True,False,False,27
2010.0,150000,90000.0,2,False,False,False,False,True,False,False,True,False,False,True,False,False,10
2008.0,50000,70000.0,1,False,False,False,False,True,False,False,True,False,False,True,False,False,3
2008.0,155000,100000.0,1,False,True,False,False,False,False,False,True,False,False,True,False,False,17
2010.0,300000,80000.0,1,False,False,False,False,True,False,False,True,False,False,True,False,False,24
2018.0,300000,16584.0,1,False,False,False,False,True,False,False,True,False,True,False,False,False,18
2016.0,385000,38000.0,1,False,True,False,False,False,False,False,True,False,True,False,False,False,25
2010.0,221000,51000.0,1,False,False,False,False,True,False,False,True,False,True,False,False,False,18
2016.0,381000,38000.0,1,False,True,False,False,False,False,False,True,False,True,False,False,False,25
2015.0,250999,35000.0,1,False,False,False,False,True,False,False,True,False,True,False,False,False,18
2002.0,60000,60000.0,3,False,False,False,False,True,False,False,True,False,False,True,False,False,10
2016.0,380000,38000.0,1,False,True,False,False,False,False,False,True,False,True,False,False,False,25
2008.0,180000,144000.0,3,False,True,False,False,False,False,False,True,False,False,True,False,False,24
2017.0,751000,64000.0,1,False,True,False,False,False,False,False,True,False,True,False,False,False,18
2014.0,229999,65000.0,1,False,False,False,False,True,False,False,True,False,True,False,False,False,10
2014.0,782000,58000.0,2,False,True,False,False,False,False,False,True,False,True,False,False,False,17
2014.0,780000,58000.0,2,False,True,False,False,False,False,False,True,False,True,False,False,False,17
2016.0,245000,68000.0,1,False,False,False,False,True,False,False,True,False,True,False,False,False,18
2011.0,321000,81257.0,1,False,True,False,False,False,False,False,True,False,True,False,False,False,10
2017.0,509999,44000.0,1,False,True,False,False,False,False,False,True,False,True,False,False,False,10
2015.0,110000,45000.0,1,False,False,False,False,True,False,False,True,False,True,False,False,False,25
2013.0,400000,75000.0,1,False,True,False,False,False,False,False,True,False,True,False,False,False,27
2013.0,370000,90000.0,1,False,False,False,False,True,False,False,True,False,False,True,False,False,18
2007.0,175000,80000.0,2,False,True,False,False,False,False,False,True,False,False,True,False,False,10
1998.0,1000000,35000.0,2,False,False,False,False,True,False,True,False,False,False,True,False,False,19
2013.0,92800,25000.0,2,False,False,False,False,True,False,False,True,False,False,True,False,False,18
2014.0,291000,90000.0,1,False,True,False,False,False,False,False,True,False,False,True,False,False,25
2013.0,335000,110000.0,3,False,True,False,False,False,False,False,True,False,False,True,False,False,10
2013.0,170000,35000.0,1,False,False,False,False,True,False,False,True,False,False,True,False,False,18
2019.0,295000,10000.0,1,False,False,False,False,True,False,False,True,False,False,True,False,False,18
2019.0,375000,10000.0,1,False,False,False,False,True,False,False,True,False,False,True,False,False,23
2012.0,215000,70000.0,2,False,False,False,False,True,False,False,True,False,False,True,False,False,10
2009.0,150000,60000.0,2,False,True,False,False,False,False,False,True,False,False,True,False,False,8
2003.0,60000,5000.0,2,False,False,False,False,True,False,False,True,False,False,True,False,False,18
2006.0,52000,120000.0,3,False,False,False,False,True,False,False,True,False,False,True,False,False,18
2009.0,80000,90000.0,2,False,False,False,True,False,False,False,True,False,False,True,False,False,18
2012.0,280000,110000.0,4,False,True,False,False,False,False,False,True,False,False,True,False,False,25
2016.0,450000,50000.0,2,False,True,False,False,False,False,False,True,False,False,True,False,False,26
2018.0,1150000,58000.0,1,False,True,False,False,False,False,False,True,False,False,True,False,False,17
2018.0,650000,60000.0,1,False,True,False,False,False,False,False,True,False,False,True,False,False,18
2015.0,300000,60000.0,2,False,False,False,False,True,False,False,True,False,False,True,False,False,25
2015.0,73000,57000.0,1,False,False,False,False,True,False,False,True,False,False,True,False,False,25
2015.0,400000,87000.0,3,False,True,False,False,False,False,False,True,False,False,True,False,False,18
2017.0,300000,70000.0,1,False,True,False,False,False,False,False,True,False,False,True,False,False,23
2012.0,300000,30000.0,2,False,False,False,False,True,False,True,False,False,False,True,False,False,18
2012.0,450000,80000.0,1,False,True,False,False,False,False,False,True,False,False,True,False,False,18
2009.0,200000,100000.0,2,False,False,False,False,True,False,False,True,False,False,True,False,False,10
2019.0,580000,40000.0,1,False,False,False,False,True,False,False,True,False,False,True,False,False,18
2017.0,550000,3917.0,1,False,False,False,False,True,False,False,True,False,False,True,False,False,10
2007.0,190000,160000.0,2,False,True,False,False,False,False,False,True,False,False,True,False,False,17
2017.0,450000,35000.0,1,False,True,False,False,False,False,False,True,False,False,True,False,False,25
2014.0,220000,70000.0,1,False,False,False,False,True,False,False,True,False,False,True,False,False,3
2012.0,310000,69069.0,1,False,False,False,False,True,False,False,True,False,True,False,False,False,18
2019.0,650000,13500.0,1,False,False,False,False,True,False,False,True,False,False,True,False,False,10
2014.0,300000,59059.0,1,False,False,False,False,True,False,False,True,False,True,False,False,False,18
2013.0,200000,70000.0,1,False,False,False,False,True,False,False,True,False,False,True,False,False,10
2012.0,285000,39039.0,1,False,False,False,False,True,False,False,True,False,True,False,False,False,9
2014.0,335000,33033.0,1,False,False,False,False,True,False,False,True,False,True,False,False,False,9
2011.0,370000,55168.0,2,False,False,False,False,True,False,False,True,False,False,True,False,False,10
2013.0,375000,41041.0,1,False,False,False,False,True,False,False,True,False,True,False,False,False,10
2009.0,235000,67067.0,1,False,False,False,False,True,False,False,True,False,True,False,False,False,10
2013.0,345000,66066.0,1,False,False,False,False,True,False,True,False,False,True,False,False,False,10
2013.0,365000,82082.0,1,False,True,False,False,False,False,False,True,False,True,False,False,False,17
2014.0,400000,48000.0,1,False,True,False,False,False,False,False,True,False,False,True,False,False,10
2012.0,465000,70070.0,1,False,True,False,False,False,False,True,False,False,True,False,False,False,10
2017.0,300000,10000.0,1,False,False,False,False,True,False,False,True,False,False,True,False,False,23
2018.0,655000,60000.0,1,False,False,False,False,True,False,False,True,False,False,True,False,False,18
2016.0,350000,30000.0,2,True,False,False,False,False,False,False,True,False,False,True,False,False,18
2015.0,500000,50000.0,1,False,False,False,False,True,False,True,False,False,True,False,False,False,10
2015.0,465000,63063.0,1,False,False,False,False,True,False,True,False,False,True,False,False,False,10
2008.0,263000,70000.0,1,False,True,False,False,False,False,False,True,False,False,True,False,False,18
2012.0,250000,90000.0,1,False,False,False,False,True,False,False,True,False,False,True,False,False,18
1999.0,60000,90000.0,4,False,False,False,False,True,False,False,True,False,False,True,False,False,10
2005.0,70000,90000.0,3,False,False,False,False,True,False,False,True,False,False,True,False,False,10
2017.0,650000,140000.0,1,False,True,False,False,False,False,False,True,False,False,True,False,False,9
2014.0,370000,80000.0,2,False,True,False,False,False,False,False,True,False,False,True,False,False,10
2016.0,509999,40000.0,1,False,True,False,False,False,False,False,True,False,False,True,False,False,18
2011.0,280000,33000.0,1,False,False,False,False,True,False,False,True,False,False,True,False,False,18
2010.0,180000,40000.0,1,False,False,False,False,True,False,False,True,False,False,True,False,False,18
2015.0,240000,50000.0,0,False,False,False,False,True,False,False,True,False,False,True,False,False,18
2017.0,650000,6000.0,1,False,False,False,False,True,False,False,True,False,False,True,False,False,8
2010.0,200000,78000.0,2,False,True,False,False,False,False,False,True,False,True,False,False,False,10
2011.0,210000,72000.0,3,False,True,False,False,False,False,False,True,False,True,False,False,False,10
2011.0,75000,9528.0,1,False,False,False,False,True,False,False,True,False,True,False,False,False,25
2011.0,450000,135200.0,0,False,True,False,False,False,False,False,True,False,True,False,False,False,26
2011.0,220000,58000.0,2,False,False,False,False,True,False,False,True,False,True,False,False,False,10
2013.0,325000,78000.0,2,False,True,False,False,False,False,False,True,False,True,False,False,False,10
2018.0,450000,45000.0,1,False,False,False,False,True,False,False,True,False,False,True,False,False,25
2017.0,825000,35000.0,1,False,True,False,False,False,False,False,True,False,False,True,False,False,8
2007.0,125000,76000.0,3,False,False,False,False,True,False,False,True,False,True,False,False,False,10
2015.0,434999,100000.0,3,False,True,False,False,False,False,False,True,False,False,True,False,False,17
2011.0,484999,99000.0,2,False,True,False,False,False,False,False,True,False,False,True,False,False,17
2009.0,175000,60000.0,3,False,True,False,False,False,False,False,True,False,False,True,False,False,18
2006.0,220000,120000.0,3,False,False,False,False,True,False,False,True,False,False,True,False,False,9
2017.0,215000,34000.0,1,False,False,False,False,True,False,False,True,False,True,False,False,False,18
2014.0,625000,68000.0,1,False,True,False,False,False,False,False,True,False,True,False,False,False,17
2018.0,615000,15000.0,1,False,True,False,False,False,False,False,True,False,False,True,False,False,8
2012.0,130000,58000.0,1,False,True,False,False,False,False,False,True,False,True,False,False,False,3
2013.0,175000,50300.0,1,False,True,False,False,False,False,False,True,False,False,True,False,False,25
2011.0,150000,70000.0,2,False,True,False,False,False,False,False,True,False,False,True,False,False,25
2011.0,195000,60000.0,3,False,True,False,False,False,False,False,True,False,False,True,False,False,25
2020.0,550000,90000.0,1,False,True,False,False,False,False,False,True,False,False,True,False,False,18
2010.0,400000,80000.0,2,False,False,False,False,True,False,False,True,False,False,True,False,False,24
2015.0,217000,45000.0,1,False,False,False,False,True,False,False,True,False,False,True,False,False,18
2011.0,290000,130000.0,2,False,True,False,False,False,False,False,True,False,False,True,False,False,18
2018.0,700000,80000.0,1,False,True,False,False,False,False,False,True,False,False,True,False,False,17
2014.0,175000,40000.0,1,False,False,False,False,True,False,False,True,False,False,True,False,False,18
2017.0,575000,80000.0,1,False,True,False,False,False,False,False,True,False,False,True,False,False,27
2016.0,380000,100000.0,2,False,True,False,False,False,False,False,True,False,False,True,False,False,18
2013.0,350000,151624.0,2,False,True,False,False,False,False,False,True,False,False,True,False,False,17
2012.0,450000,160000.0,1,False,True,False,False,False,False,False,True,False,False,True,False,False,23
2005.0,130000,110000.0,2,True,False,False,False,False,False,False,True,False,False,True,False,False,10
2015.0,320000,74820.0,1,False,True,False,False,False,False,False,True,False,False,True,False,False,18
2014.0,550000,82000.0,1,False,True,False,False,False,False,False,True,False,False,True,False,False,17
2015.0,370000,50000.0,2,False,False,False,False,True,False,False,True,False,False,True,False,False,18
2010.0,114999,70000.0,2,False,False,False,False,True,False,False,True,False,False,True,False,False,3
2020.0,1100000,1000.0,1,False,False,False,False,True,False,False,True,False,False,True,False,False,8
2008.0,80000,150000.0,3,False,True,False,False,False,False,False,True,False,False,True,False,False,25
2019.0,950000,17000.0,1,False,True,False,False,False,False,False,True,False,False,True,False,False,8
2014.0,425000,150000.0,1,False,True,False,False,False,False,False,True,False,False,True,False,False,18
2015.0,500000,80000.0,1,False,True,False,False,False,False,False,True,False,False,True,False,False,10
2013.0,349000,120000.0,1,False,True,False,False,False,False,False,True,False,False,True,False,False,9
2012.0,330000,90000.0,3,False,False,False,False,True,False,False,True,False,False,True,False,False,10
2010.0,120000,90000.0,3,False,False,False,False,True,False,False,True,False,False,True,False,False,10
2013.0,430000,100000.0,2,False,True,False,False,False,False,False,True,False,False,True,False,False,10
2014.0,390000,90000.0,1,False,True,False,False,False,False,False,True,False,False,True,False,False,18
2012.0,225000,129000.0,1,False,True,False,False,False,False,False,True,False,False,True,False,False,21
2009.0,100000,66778.0,1,False,True,False,False,False,False,False,True,False,False,True,False,False,25
2014.0,190000,50000.0,1,False,False,False,False,True,False,False,True,False,False,True,False,False,10
2014.0,315000,60000.0,2,False,True,False,False,False,False,False,True,False,False,True,False,False,10
2015.0,300000,60000.0,2,False,True,False,False,False,False,False,True,False,False,True,False,False,10
2016.0,280000,40000.0,1,False,False,False,False,True,False,False,True,False,False,True,False,False,23
2018.0,539000,60000.0,1,False,False,False,False,True,False,False,True,False,False,True,False,False,25
2017.0,420000,50000.0,1,False,False,False,False,True,False,False,True,False,False,True,False,False,18
2001.0,85000,70000.0,3,False,False,False,False,True,False,False,True,False,False,True,False,False,18
2004.0,142000,73000.0,4,False,False,False,False,True,False,False,True,False,False,True,False,False,22
2014.0,180000,76000.0,2,False,False,False,False,True,False,False,True,False,False,True,False,False,10
2014.0,400000,120000.0,2,False,True,False,False,False,False,False,True,False,False,True,False,False,3
2003.0,85000,110000.0,2,False,False,False,False,True,False,False,True,False,False,True,False,False,10
2016.0,350000,63400.0,1,False,False,False,False,True,False,False,True,False,False,True,False,False,9
2015.0,380000,25000.0,1,False,False,False,False,True,False,False,True,False,False,True,False,False,5
2009.0,140000,80000.0,3,False,False,False,False,True,False,False,True,False,False,True,False,False,10
2012.0,200000,90000.0,1,False,False,False,False,True,False,False,True,False,False,True,False,False,18
2011.0,150000,157000.0,1,False,False,False,False,True,False,False,True,False,False,True,False,False,10
2007.0,300000,100000.0,2,False,True,False,False,False,False,False,True,False,False,True,False,False,17
2017.0,280000,50000.0,1,False,False,False,False,True,False,False,True,False,False,True,False,False,23
2011.0,200000,60000.0,1,False,False,False,False,True,False,False,True,False,False,True,False,False,18
2009.0,110000,38500.0,2,False,False,False,False,True,False,False,True,False,False,True,False,False,3
2008.0,140000,103921.0,2,False,False,False,False,True,False,False,True,False,False,True,False,False,10
2018.0,1150000,14825.0,1,False,False,False,False,True,False,False,True,False,True,False,False,False,9
2016.0,910000,43377.0,1,False,True,False,False,False,False,False,True,False,True,False,False,False,9
2010.0,160000,102307.0,1,False,True,False,False,False,False,False,True,False,True,False,False,False,8
2004.0,105000,79000.0,2,False,False,False,False,True,False,False,True,False,False,True,False,False,18
2014.0,1200000,135000.0,3,False,True,False,False,False,False,True,False,False,False,True,False,False,24
2004.0,70000,90000.0,4,False,False,False,False,True,False,False,True,False,False,True,False,False,18
2012.0,160000,110000.0,1,False,True,False,False,False,False,False,True,False,False,True,False,False,3
2013.0,225000,80000.0,1,False,True,False,False,False,False,False,True,False,False,True,False,False,3
2002.0,145000,100000.0,1,False,False,False,False,True,False,False,True,False,False,True,False,False,9
2018.0,930000,20000.0,1,False,True,False,False,False,False,False,True,False,False,True,False,False,8
2008.0,110000,60000.0,3,False,True,False,False,False,False,False,True,False,False,True,False,False,10
2017.0,650000,40000.0,1,False,True,False,False,False,False,False,True,False,False,True,False,False,23
2019.0,550000,51000.0,1,False,False,False,False,True,False,False,True,False,False,True,False,False,18
2008.0,85000,120000.0,2,False,False,False,False,True,False,False,True,False,False,True,False,False,18
2016.0,509999,35000.0,1,False,False,False,False,True,False,False,True,False,False,True,False,False,26
2014.0,225000,110000.0,2,False,False,False,False,True,False,False,True,False,False,True,False,False,18
2017.0,650000,70000.0,1,False,True,False,False,False,False,False,True,False,False,True,False,False,18
2011.0,140000,60000.0,2,False,False,False,False,True,False,False,True,False,False,True,False,False,3
2011.0,150000,70000.0,1,False,False,False,False,True,False,False,True,False,False,True,False,False,18
2018.0,450000,10000.0,2,False,False,False,False,True,False,False,True,False,False,True,False,False,5
2017.0,400000,60000.0,1,False,False,False,False,True,False,False,True,False,False,True,False,False,23
2016.0,300000,30000.0,1,False,False,False,False,True,False,False,True,False,False,True,False,False,25
2012.0,250000,8000.0,1,False,False,False,False,True,False,False,True,False,False,True,False,False,18
2019.0,500000,10000.0,1,False,True,False,False,False,False,False,True,False,False,True,False,False,25
2002.0,85000,100000.0,3,False,True,False,False,False,False,False,True,False,False,True,False,False,10
2012.0,300000,110000.0,0,False,True,False,False,False,False,False,True,False,False,True,False,False,21
2015.0,740000,45000.0,1,False,True,False,False,False,False,True,False,False,True,False,False,False,17
2005.0,70000,68500.0,1,False,False,False,False,True,False,False,True,False,True,False,False,False,10
2019.0,484999,5007.0,1,False,False,False,False,True,False,True,False,False,True,False,False,False,10
2013.0,164000,30000.0,1,False,False,False,False,True,False,False,True,False,False,True,False,False,21
2008.0,140000,70000.0,1,False,False,False,False,True,False,True,False,False,False,True,False,False,9
2011.0,999000,49600.0,1,False,True,False,False,False,False,True,False,False,True,False,False,False,19
2005.0,56000,23000.0,2,False,False,False,False,True,False,False,True,False,False,True,False,False,18
2006.0,1050000,60000.0,1,False,True,False,False,False,False,True,False,False,True,False,False,False,2
2010.0,190000,38000.0,1,False,False,False,False,True,False,False,True,False,True,False,False,False,10
2011.0,235000,43100.0,1,False,False,False,False,True,False,False,True,False,True,False,False,False,10
2017.0,350000,10171.0,1,False,False,False,False,True,False,False,True,False,True,False,False,False,5
2015.0,465000,41123.0,1,False,True,False,False,False,False,False,True,False,True,False,False,False,23
2014.0,450000,40000.0,1,False,True,False,False,False,False,False,True,False,True,False,False,False,9
2015.0,790000,52517.0,1,False,True,False,False,False,False,False,True,False,True,False,False,False,27
2019.0,900000,20000.0,1,False,True,False,False,False,False,False,True,False,False,True,False,False,17
2014.0,450000,99117.0,1,False,True,False,False,False,False,False,True,False,True,False,False,False,8
2009.0,135000,90000.0,1,False,False,False,False,True,False,False,True,False,False,True,False,False,3
2019.0,425000,3700.0,1,False,False,False,False,True,False,False,True,False,False,True,False,False,18
2010.0,100000,80000.0,1,False,True,False,False,False,False,False,True,False,False,True,False,False,25
2015.0,650000,100000.0,2,False,True,False,False,False,False,False,True,False,False,True,False,False,8
2011.0,90000,54000.0,1,False,True,False,False,False,False,False,True,False,False,True,False,False,25
2017.0,250000,19000.0,1,False,False,False,False,True,False,False,True,False,False,True,False,False,10
2014.0,300000,120000.0,0,False,True,False,False,False,False,False,True,False,False,True,False,False,18
2014.0,275000,30000.0,1,False,False,False,False,True,False,False,True,False,False,True,False,False,18
2017.0,600000,43500.0,1,False,False,False,False,True,False,False,True,False,False,True,False,False,9
2016.0,270000,60000.0,2,False,False,False,False,True,False,False,True,False,False,True,False,False,23
2017.0,540000,20000.0,2,False,False,False,False,True,False,False,True,False,False,True,False,False,10
2013.0,92800,60000.0,2,False,False,False,False,True,False,False,True,False,False,True,False,False,18
2013.0,92800,25000.0,0,False,True,False,False,False,False,False,True,False,False,True,False,False,18
2014.0,350000,20000.0,1,False,False,False,False,True,False,False,True,False,False,True,False,False,23
1998.0,65000,60000.0,3,False,False,False,False,True,False,False,True,False,True,False,False,False,18
2015.0,650000,58000.0,1,False,True,False,False,False,False,False,True,False,False,True,False,False,18
2014.0,350000,40000.0,1,False,False,False,False,True,False,False,True,False,True,False,False,False,18
2005.0,75000,70000.0,2,False,False,False,False,True,False,False,True,False,False,True,False,False,18
2012.0,440000,70000.0,1,False,True,False,False,False,False,False,True,False,True,False,False,False,10
2013.0,270000,60000.0,1,False,False,False,False,True,False,False,True,False,False,True,False,False,10
2014.0,1150000,135000.0,1,False,True,False,False,False,False,False,True,False,True,False,False,False,26
2015.0,238000,70000.0,1,False,False,False,False,True,False,False,True,False,True,False,False,False,18
2013.0,1100000,40000.0,2,False,False,False,False,True,False,True,False,False,False,True,False,False,19
2015.0,1200000,75000.0,2,False,True,False,False,False,False,False,True,False,True,False,False,False,17
2010.0,260000,150000.0,1,False,True,False,False,False,False,False,True,False,False,True,False,False,24
2012.0,350000,140000.0,3,False,True,False,False,False,False,False,True,False,False,True,False,False,26
2015.0,480000,70000.0,1,False,True,False,False,False,False,False,True,False,False,True,False,False,26
2012.0,345000,137250.0,2,False,True,False,False,False,False,False,True,False,False,True,False,False,26
2013.0,500000,110000.0,2,False,True,False,False,False,False,False,True,False,False,True,False,False,17
2017.0,595000,27000.0,1,False,False,False,False,True,False,False,True,False,True,False,False,False,10
2020.0,541000,1000.0,5,False,False,False,False,True,False,False,True,False,True,False,False,False,23
2018.0,515000,16000.0,1,False,False,False,False,True,False,False,True,False,True,False,False,False,10
2019.0,894999,13000.0,5,False,True,False,False,False,False,False,True,False,True,False,False,False,8
2012.0,325000,47000.0,1,False,True,False,False,False,False,False,True,False,True,False,False,False,23
2018.0,925000,22000.0,1,False,False,False,False,True,False,False,True,False,False,True,False,False,18
2017.0,844999,30000.0,1,False,True,False,False,False,False,False,True,False,False,True,False,False,21
2018.0,925000,20000.0,1,False,False,False,False,True,False,False,True,False,False,True,False,False,18
2013.0,300000,60000.0,1,False,True,False,False,False,False,False,True,False,False,True,False,False,25
2008.0,650000,75000.0,2,False,False,False,False,True,False,False,True,False,False,True,False,False,26
2010.0,175000,64000.0,1,False,False,False,False,True,False,False,True,False,True,False,False,False,18
2015.0,325000,60000.0,1,False,True,False,False,False,False,False,True,False,False,True,False,False,18
2017.0,600000,90000.0,1,False,True,False,False,False,False,False,True,False,False,True,False,False,23
2018.0,700000,30000.0,1,False,False,False,False,True,False,False,True,False,False,True,False,False,18
2003.0,95000,120000.0,2,False,False,False,False,True,False,True,False,False,False,True,False,False,26
2019.0,490000,20000.0,1,False,False,False,False,True,False,False,True,False,True,False,False,False,18
2013.0,380000,100000.0,1,False,True,False,False,False,False,False,True,False,False,True,False,False,25
2018.0,550000,31000.0,1,False,False,False,False,True,False,False,True,False,True,False,False,False,10
2013.0,225000,47000.0,1,False,False,False,False,True,False,False,True,False,True,False,False,False,18
2018.0,570000,11200.0,1,False,False,False,False,True,False,False,True,False,False,True,False,False,25
2018.0,305000,35000.0,1,False,False,False,False,True,False,False,True,False,True,False,False,False,18
2010.0,240000,60000.0,1,False,False,False,True,False,False,False,True,False,True,False,False,False,18
2015.0,700000,55000.0,1,False,True,False,False,False,False,False,True,False,True,False,False,False,18
2018.0,288000,20000.0,0,False,False,False,False,True,False,False,True,False,True,False,False,False,18
2017.0,800000,75000.0,1,False,True,False,False,False,False,False,True,False,True,False,False,False,17
2017.0,430000,93000.0,1,False,False,False,False,True,False,False,True,False,True,False,False,False,18
2009.0,195000,57000.0,2,False,True,False,False,False,False,False,True,False,True,False,False,False,3
2014.0,325000,30000.0,1,False,False,False,False,True,False,False,True,False,True,False,False,False,18
2013.0,450000,60000.0,1,False,True,False,False,False,False,False,True,False,True,False,False,False,23
2016.0,630000,65000.0,1,False,True,False,False,False,False,False,True,False,True,False,False,False,18
2009.0,250000,62000.0,2,False,True,False,False,False,False,False,True,False,True,False,False,False,18
2007.0,135000,85000.0,1,False,False,False,False,True,False,False,True,False,True,False,False,False,10
2010.0,110000,73000.0,1,False,False,False,False,True,False,False,True,False,False,True,False,False,3
2012.0,350000,55000.0,1,False,True,False,False,False,False,False,True,False,True,False,False,False,18
2014.0,240000,5800.0,2,False,False,False,False,True,False,False,True,False,False,True,False,False,18
2014.0,600000,30000.0,1,False,False,False,False,True,False,False,True,False,False,True,False,False,18
2018.0,750000,20000.0,1,False,True,False,False,False,False,False,True,False,False,True,False,False,18
2018.0,270000,20000.0,1,False,False,False,False,True,False,False,True,False,False,True,False,False,10
2007.0,90000,100000.0,2,False,False,False,False,True,False,False,True,False,False,True,False,False,18
2013.0,350000,65000.0,1,False,False,False,False,True,False,False,True,False,False,True,False,False,18
2013.0,285000,90000.0,2,False,True,False,False,False,False,False,True,False,False,True,False,False,8
2011.0,350000,140000.0,2,False,True,False,False,False,False,False,True,False,False,True,False,False,17
2010.0,285000,60000.0,2,False,False,False,False,True,False,False,True,False,True,False,False,False,9
2018.0,1000000,28635.0,1,False,False,False,False,True,False,False,True,False,True,False,False,False,9
2018.0,780000,32114.0,1,False,True,False,False,False,False,False,True,False,True,False,False,False,9
2014.0,300000,82000.0,2,False,False,False,False,True,False,False,True,False,True,False,False,False,18
2006.0,160000,95149.0,2,False,False,False,False,True,False,False,True,False,True,False,False,False,18
2018.0,625000,68458.0,1,False,False,False,False,True,False,False,True,False,True,False,False,False,9
2010.0,265000,42000.0,1,False,False,False,False,True,False,False,True,False,False,True,False,False,18
2014.0,515000,90000.0,2,False,True,False,False,False,False,False,True,False,False,True,False,False,9
2012.0,409999,56000.0,1,False,True,False,False,False,False,False,True,False,False,True,False,False,26
2018.0,100000,21302.0,1,False,True,False,False,False,False,False,True,False,False,True,False,False,10
2016.0,650000,100000.0,1,False,True,False,False,False,False,False,True,False,False,True,False,False,10
2017.0,650000,80000.0,1,False,True,False,False,False,False,False,True,False,False,True,False,False,17
2010.0,150000,105546.0,1,False,False,False,False,True,False,False,True,False,False,True,False,False,10
2018.0,500000,10000.0,1,False,False,False,False,True,False,False,True,False,False,True,False,False,26
2012.0,1000000,80000.0,2,False,True,False,False,False,False,False,True,False,False,True,False,False,26
2013.0,340000,35000.0,1,False,False,False,False,True,False,False,True,False,False,True,False,False,10
2013.0,1010000,120000.0,1,False,True,False,False,False,False,False,True,False,False,True,False,False,26
2011.0,350000,120000.0,3,False,True,False,False,False,False,False,True,False,False,True,False,False,26
2016.0,595000,70000.0,1,False,True,False,False,False,False,False,True,False,False,True,False,False,18
2014.0,700000,60000.0,3,False,True,False,False,False,False,False,True,False,False,True,False,False,17
2019.0,265000,40000.0,1,False,False,False,False,True,False,False,True,False,False,True,False,False,23
2015.0,320000,60000.0,2,False,False,False,False,True,False,False,True,False,False,True,False,False,18
2011.0,310000,110000.0,1,False,False,False,False,True,False,False,True,False,False,True,False,False,9
2014.0,700000,130000.0,1,False,True,False,False,False,False,False,True,False,False,True,False,False,9
2009.0,130000,80000.0,2,False,False,False,False,True,False,False,True,False,False,True,False,False,18
2009.0,150000,120000.0,2,False,True,False,False,False,False,False,True,False,False,True,False,False,18
2015.0,300000,104000.0,2,False,True,False,False,False,False,False,True,False,False,True,False,False,9
2011.0,150000,100000.0,2,False,False,False,False,True,False,False,True,False,False,True,False,False,18
2003.0,120000,132343.0,2,False,False,False,False,True,False,False,True,False,False,True,False,False,9
2016.0,950000,90000.0,2,False,True,False,False,False,False,False,True,False,False,True,False,False,10
2007.0,100000,60000.0,2,False,False,False,False,True,False,False,True,False,False,True,False,False,18
2015.0,450000,76000.0,1,False,True,False,False,False,False,False,True,False,False,True,False,False,9
2004.0,30000,60000.0,3,False,False,False,False,True,False,False,True,False,False,True,False,False,18
2009.0,200000,30000.0,2,False,False,False,False,True,False,False,True,False,False,True,False,False,17
2010.0,250000,96000.0,2,False,True,False,False,False,False,False,True,False,False,True,False,False,25
2017.0,550000,12997.0,0,False,True,False,False,False,False,False,True,False,True,False,False,False,9
2015.0,280000,26134.0,1,False,False,False,False,True,False,False,True,False,True,False,False,False,18
2011.0,260000,52895.0,1,False,True,False,False,False,False,False,True,False,True,False,False,False,18
2013.0,550000,42324.0,2,False,True,False,False,False,False,False,True,False,True,False,False,False,10
2016.0,1044999,65000.0,1,False,True,False,False,False,False,False,True,False,True,False,False,False,17
2012.0,550000,60236.0,1,False,True,False,False,False,False,False,True,False,True,False,False,False,17
2014.0,210000,60000.0,2,False,False,False,False,True,False,False,True,False,False,True,False,False,18
2014.0,210000,70000.0,3,False,False,False,False,True,False,False,True,False,False,True,False,False,18
2009.0,290000,100000.0,2,False,True,False,False,False,False,False,True,False,False,True,False,False,17
2008.0,250999,110000.0,1,False,True,False,False,False,False,False,True,False,False,True,False,False,6
2019.0,600000,10300.0,1,False,False,False,False,True,False,False,True,False,False,True,False,False,23
2014.0,270000,60000.0,2,False,True,False,False,False,False,False,True,False,False,True,False,False,6
2012.0,550000,142000.0,1,False,True,False,False,False,False,False,True,False,False,True,False,False,25
2017.0,800000,25000.0,1,False,True,False,False,False,False,False,True,False,False,True,False,False,17
2020.0,500000,60000.0,1,False,False,False,False,True,False,False,True,False,False,True,False,False,25
2016.0,396000,28643.0,1,False,False,False,False,True,False,False,True,False,True,False,False,False,10
2014.0,600000,50000.0,1,False,True,False,False,False,False,False,True,False,False,True,False,False,9
2019.0,575000,30000.0,1,False,False,False,False,True,False,False,True,False,True,False,False,False,18
2020.0,520000,5000.0,1,False,False,False,False,True,False,False,True,False,False,True,False,False,10
2018.0,600000,7600.0,0,False,False,False,False,True,False,True,False,False,False,True,False,False,18
2013.0,195000,47253.0,1,False,True,False,False,False,False,False,True,False,True,False,False,False,3
2015.0,281000,4432.0,2,False,False,False,False,True,False,True,False,False,True,False,False,False,18
2010.0,75000,110000.0,2,False,False,False,False,True,False,False,True,False,False,True,False,False,25
2014.0,400000,25000.0,1,False,False,False,False,True,False,False,True,False,False,True,False,False,10
2009.0,93000,70000.0,2,False,True,False,False,False,False,False,True,False,False,True,False,False,25
2016.0,560000,68523.0,1,False,True,False,False,False,False,False,True,False,True,False,False,False,10
2019.0,400000,5000.0,1,False,False,False,False,True,False,False,True,False,False,True,False,False,10
2018.0,459999,40000.0,1,False,False,False,False,True,False,False,True,False,False,True,False,False,25
2017.0,450000,43000.0,1,False,True,False,False,False,False,False,True,False,False,True,False,False,10
2010.0,88000,60000.0,2,True,False,False,False,False,False,False,True,False,True,False,False,False,18
2010.0,250000,34500.0,2,False,False,False,False,True,False,False,True,False,False,True,False,False,10
2000.0,22000,42743.0,3,False,False,False,False,True,False,False,True,False,True,False,False,False,8
2013.0,130000,93900.0,2,False,True,False,False,False,False,False,True,False,False,True,False,False,3
2004.0,79000,80000.0,1,False,False,False,False,True,False,False,True,False,False,True,False,False,18
2012.0,120000,110000.0,1,False,True,False,False,False,False,False,True,False,False,True,False,False,3
2012.0,300000,25000.0,1,False,True,False,False,False,False,False,True,False,False,True,False,False,3
2009.0,145000,25000.0,1,False,False,False,False,True,False,False,True,False,False,True,False,False,18
2013.0,240000,10000.0,1,False,False,False,False,True,False,False,True,False,False,True,False,False,3
2018.0,700000,60000.0,1,False,True,False,False,False,False,False,True,False,False,True,False,False,9
2010.0,145000,110000.0,2,False,False,False,False,True,False,False,True,False,False,True,False,False,10
2014.0,535000,80000.0,2,False,True,False,False,False,False,False,True,False,False,True,False,False,18
2016.0,420000,21000.0,1,False,False,False,False,True,False,False,True,False,False,True,False,False,17
2016.0,350000,20000.0,1,False,False,False,False,True,False,False,True,False,False,True,False,False,18
2015.0,550000,32000.0,1,False,True,False,False,False,False,False,True,False,False,True,False,False,18
2012.0,198000,70000.0,2,False,True,False,False,False,False,False,True,False,False,True,False,False,25
2013.0,420000,50000.0,1,False,True,False,False,False,False,False,True,False,False,True,False,False,10
2004.0,195000,120000.0,1,False,True,False,False,False,False,False,True,False,False,True,False,False,8
2012.0,150000,55766.0,2,False,False,False,False,True,False,False,True,False,False,True,False,False,10
2011.0,275000,40000.0,2,False,False,False,False,True,False,False,True,False,False,True,False,False,21
2001.0,65000,60000.0,3,False,False,False,False,True,False,False,True,False,False,True,False,False,18
2008.0,200000,50000.0,1,False,False,False,False,True,False,False,True,False,False,True,False,False,18
2010.0,250000,110000.0,2,False,True,False,False,False,False,False,True,False,False,True,False,False,18
2013.0,182000,100000.0,1,False,True,False,False,False,False,False,True,False,False,True,False,False,25
2016.0,320000,24662.0,1,False,False,False,False,True,False,False,True,False,False,True,False,False,10
2014.0,650000,28245.0,1,False,True,False,False,False,False,False,True,False,False,True,False,False,21
2001.0,85000,86000.0,2,False,False,False,False,True,False,False,True,False,False,True,False,False,18
2013.0,400000,50000.0,1,False,True,False,False,False,False,False,True,False,False,True,False,False,18
2017.0,650000,20000.0,1,False,True,False,False,False,False,False,True,False,False,True,False,False,18
2010.0,400000,50000.0,1,False,False,False,False,True,False,False,True,False,False,True,False,False,10
2012.0,295000,80000.0,2,False,True,False,False,False,False,False,True,False,False,True,False,False,25
2006.0,60000,135000.0,4,False,False,False,True,False,False,False,True,False,False,True,False,False,18
2003.0,110000,60000.0,3,False,True,False,False,False,False,False,True,False,False,True,False,False,18
2015.0,550000,113600.0,1,False,True,False,False,False,False,False,True,False,False,True,False,False,6
2008.0,190000,70000.0,3,False,False,False,False,True,False,False,True,False,False,True,False,False,10
2018.0,861999,20000.0,1,False,True,False,False,False,False,False,True,False,True,False,False,False,8
2018.0,782000,14000.0,1,False,False,False,False,True,False,False,True,False,True,False,False,False,8
2018.0,836000,26000.0,1,False,True,False,False,False,False,False,True,False,True,False,False,False,8
2016.0,696000,138925.0,1,False,False,False,False,True,False,False,True,False,True,False,False,False,9
2014.0,596000,121764.0,1,False,True,False,False,False,False,False,True,False,True,False,False,False,9
2016.0,612000,105429.0,1,False,False,False,False,True,False,False,True,False,True,False,False,False,9
2015.0,114999,35000.0,1,False,False,False,False,True,False,False,True,False,False,True,False,False,18
2017.0,340000,60000.0,1,False,True,False,False,False,False,False,True,False,False,True,False,False,25
2020.0,550000,5000.0,1,False,False,False,False,True,False,False,True,False,False,True,False,False,18
2008.0,114999,70000.0,3,False,False,False,False,True,False,False,True,False,False,True,False,False,3
2000.0,105000,80000.0,1,False,False,False,False,True,False,False,True,False,False,True,False,False,18
2019.0,890000,20000.0,1,False,True,False,False,False,False,False,True,False,False,True,False,False,18
2019.0,715000,8000.0,1,False,False,False,False,True,False,False,True,False,False,True,False,False,25
2014.0,525000,54000.0,0,False,False,False,False,True,False,False,True,False,True,False,False,False,10
2012.0,735000,55300.0,1,False,True,False,False,False,False,True,False,False,False,True,False,False,27
2014.0,475000,23122.0,2,False,False,False,False,True,False,False,True,False,True,False,False,False,10
2013.0,325000,62200.0,1,False,True,False,False,False,False,False,True,False,True,False,False,False,17
2012.0,349000,44500.0,2,False,True,False,False,False,False,False,True,False,True,False,False,False,3
2017.0,825000,13599.0,1,False,False,False,False,True,False,True,False,False,True,False,False,False,27
2014.0,550000,100000.0,2,False,True,False,False,False,False,False,True,False,False,True,False,False,17
2006.0,95000,110000.0,3,False,False,False,False,True,False,False,True,False,False,True,False,False,18
2014.0,725000,90000.0,2,False,True,False,False,False,False,False,True,False,False,True,False,False,26
2019.0,670000,17000.0,1,False,False,False,False,True,False,False,True,False,False,True,False,False,25
2008.0,65000,140000.0,1,False,False,False,False,True,False,False,True,False,False,True,False,False,18
2015.0,500000,50000.0,2,False,True,False,False,False,False,False,True,False,False,True,False,False,17
2017.0,600000,53000.0,1,False,False,False,False,True,False,False,True,False,False,True,False,False,17
2017.0,350000,70000.0,2,False,False,False,False,True,False,False,True,False,False,True,False,False,18
2012.0,200000,70000.0,2,False,True,False,False,False,False,False,True,False,False,True,False,False,3
2008.0,110000,154000.0,3,False,True,False,False,False,False,False,True,False,False,True,False,False,10
2012.0,150000,80000.0,1,False,False,False,False,True,False,False,True,False,False,True,False,False,10
2003.0,75000,110000.0,2,False,True,False,False,False,False,False,True,False,False,True,False,False,18
2013.0,350000,90000.0,2,False,True,False,False,False,False,False,True,False,False,True,False,False,9
2011.0,890000,86000.0,2,False,True,False,False,False,False,True,False,False,False,True,False,False,2
2014.0,500000,120000.0,1,False,True,False,False,False,False,False,True,False,False,True,False,False,17
2019.0,600000,5200.0,1,False,False,False,False,True,False,False,True,False,False,True,False,False,10
2010.0,99000,60000.0,2,False,False,False,False,True,False,False,True,False,False,True,False,False,3
2011.0,235000,46000.0,1,False,False,False,False,True,False,False,True,False,False,True,False,False,10
2006.0,75000,40000.0,2,False,False,False,False,True,False,False,True,False,False,True,False,False,25
2014.0,600000,90000.0,2,False,True,False,False,False,False,False,True,False,False,True,False,False,9
2019.0,1000000,60000.0,2,False,True,False,False,False,False,False,True,False,False,True,False,False,10
2012.0,390000,90000.0,1,False,True,False,False,False,False,False,True,False,False,True,False,False,10
2015.0,600000,70000.0,1,False,True,False,False,False,False,False,True,False,False,True,False,False,27
2017.0,600000,70000.0,2,False,False,False,False,True,False,False,True,False,False,True,False,False,10
2019.0,730000,35000.0,2,False,True,False,False,False,False,False,True,False,False,True,False,False,10
2017.0,450000,12700.0,1,False,False,False,False,True,False,True,False,False,False,True,False,False,10
2011.0,250000,80000.0,1,False,True,False,False,False,False,False,True,False,False,True,False,False,18
2018.0,300000,20000.0,1,False,False,False,False,True,False,False,True,False,False,True,False,False,23
2017.0,800000,19000.0,1,False,False,False,False,True,False,False,True,False,False,True,False,False,8
2009.0,125000,95000.0,2,False,True,False,False,False,False,False,True,False,False,True,False,False,6
2012.0,295000,90000.0,0,False,True,False,False,False,False,False,True,False,False,True,False,False,27
2013.0,650000,45839.0,1,False,False,False,False,True,False,False,True,False,True,False,False,False,8
2010.0,200000,60000.0,1,False,False,False,False,True,False,False,True,False,True,False,False,False,3
2009.0,130000,87293.0,1,False,False,False,False,True,False,False,True,False,True,False,False,False,3
2012.0,250000,156040.0,1,False,True,False,False,False,False,False,True,False,True,False,False,False,8
2004.0,400000,93415.0,1,False,True,False,False,False,False,False,True,False,True,False,False,False,8
2017.0,430000,101159.0,1,False,False,False,False,True,False,False,True,False,True,False,False,False,8
2015.0,170000,80000.0,2,False,False,False,False,True,False,False,True,False,False,True,False,False,10
2019.0,450000,12000.0,1,False,False,False,False,True,False,False,True,False,False,True,False,False,25
2013.0,350000,90000.0,1,False,False,False,False,True,False,False,True,False,False,True,False,False,18
2011.0,130000,68519.0,1,False,False,False,False,True,False,False,True,False,True,False,False,False,3
2012.0,180000,55130.0,1,False,True,False,False,False,False,False,True,False,True,False,False,False,3
2014.0,475000,65239.0,1,False,False,False,False,True,False,False,True,False,True,False,False,False,8
2015.0,470000,58182.0,1,False,False,False,False,True,False,False,True,False,True,False,False,False,27
2012.0,200000,91245.0,1,False,True,False,False,False,False,False,True,False,True,False,False,False,8
2013.0,650000,102989.0,1,False,True,False,False,False,False,False,True,False,True,False,False,False,17
2010.0,400000,50000.0,1,False,False,False,False,True,False,False,True,False,False,True,False,False,9
2000.0,100000,120000.0,1,False,False,False,False,True,False,False,True,False,False,True,False,False,18
2014.0,409999,90000.0,1,False,True,False,False,False,False,False,True,False,False,True,False,False,18
2018.0,640000,25000.0,1,False,True,False,False,False,False,False,True,False,False,True,False,False,18
2007.0,160000,80000.0,2,False,False,False,False,True,False,False,True,False,False,True,False,False,18
2018.0,750000,70000.0,1,False,True,False,False,False,False,False,True,False,False,True,False,False,18
2002.0,150000,50000.0,3,False,True,False,False,False,False,False,True,False,False,True,False,False,17
2008.0,80000,100000.0,2,False,False,False,False,True,False,False,True,False,False,True,False,False,18
2016.0,240000,90000.0,3,False,True,False,False,False,False,False,True,False,False,True,False,False,18
2005.0,60000,60000.0,3,False,False,False,False,True,False,False,True,False,False,True,False,False,18
2007.0,70000,120000.0,3,False,False,False,False,True,False,False,True,False,False,True,False,False,18
2008.0,285000,90000.0,2,False,True,False,False,False,False,True,False,False,False,True,False,False,27
2015.0,350000,60000.0,2,False,True,False,False,False,False,False,True,False,False,True,False,False,18
2015.0,699000,30000.0,2,False,True,False,False,False,False,False,True,False,False,True,False,False,10
2011.0,275000,108000.0,2,False,True,False,False,False,False,False,True,False,False,True,False,False,8
2012.0,350000,160000.0,2,False,True,False,False,False,False,False,True,False,False,True,False,False,10
2006.0,135000,90000.0,3,False,False,False,False,True,False,False,True,False,False,True,False,False,18
2010.0,325000,120000.0,3,False,True,False,False,False,False,False,True,False,False,True,False,False,17
2012.0,650000,102000.0,2,False,True,False,False,False,False,False,True,False,False,True,False,False,17
2012.0,450000,60000.0,1,False,False,False,False,True,False,False,True,False,True,False,False,False,8
2019.0,425000,3000.0,1,False,False,False,False,True,False,False,True,False,False,True,False,False,25
2006.0,150000,75118.0,2,False,False,False,False,True,False,False,True,False,False,True,False,False,18
2013.0,290000,60000.0,2,False,True,False,False,False,False,False,True,False,False,True,False,False,18
2014.0,335000,60000.0,2,False,False,False,False,True,False,False,True,False,False,True,False,False,10
2006.0,120000,79000.0,4,False,False,False,False,True,False,False,True,False,True,False,False,False,3
2005.0,20000,25000.0,2,False,False,False,False,True,False,False,True,False,False,True,False,False,8
2005.0,250000,60000.0,1,False,False,False,False,True,False,False,True,False,False,True,False,False,10
2008.0,120000,60000.0,2,False,False,False,False,True,False,False,True,False,False,True,False,False,10
2012.0,220000,70000.0,2,False,True,False,False,False,False,False,True,False,False,True,False,False,25
2005.0,61000,4637.0,2,False,False,False,False,True,False,False,True,False,False,True,False,False,8
2016.0,620000,70000.0,1,False,True,False,False,False,False,False,True,False,False,True,False,False,18
2014.0,425000,100000.0,0,False,True,False,False,False,False,False,True,False,False,True,False,False,18
2009.0,85000,120000.0,2,False,True,False,False,False,False,False,True,False,False,True,False,False,25
2015.0,270000,40000.0,2,False,True,False,False,False,False,False,True,False,False,True,False,False,18
2017.0,450000,30000.0,1,False,False,False,False,True,False,False,True,False,False,True,False,False,17
2012.0,450000,42655.0,1,False,True,False,False,False,False,False,True,False,False,True,False,False,25
2017.0,250000,43000.0,2,False,False,False,False,True,False,False,True,False,False,True,False,False,23
2012.0,725000,70000.0,1,False,True,False,False,False,False,False,True,False,False,True,False,False,26
2010.0,250000,55000.0,1,False,False,False,False,True,False,False,True,False,False,True,False,False,10
2010.0,99000,80000.0,2,False,True,False,False,False,False,False,True,False,False,True,False,False,6
2017.0,350000,55000.0,1,False,False,False,False,True,False,False,True,False,False,True,False,False,23
2018.0,511000,70000.0,1,False,False,False,False,True,False,False,True,False,False,True,False,False,10
2012.0,300000,80000.0,1,False,True,False,False,False,False,False,True,False,False,True,False,False,18
2010.0,1100000,110000.0,1,False,False,False,False,True,False,True,False,False,False,True,False,False,1
2010.0,125000,60000.0,3,False,False,False,False,True,False,False,True,False,False,True,False,False,10
2018.0,500000,30000.0,1,False,False,False,False,True,False,False,True,False,False,True,False,False,25
2013.0,385000,80000.0,2,False,True,False,False,False,False,False,True,False,False,True,False,False,23
2012.0,350000,60000.0,1,False,False,False,False,True,False,False,True,False,False,True,False,False,24
2003.0,60000,50000.0,1,False,False,False,False,True,False,False,True,False,False,True,False,False,18
2012.0,300000,50000.0,1,False,False,False,False,True,False,False,True,False,False,True,False,False,10
2012.0,400000,70000.0,1,False,True,False,False,False,False,False,True,False,False,True,False,False,10
2014.0,550000,110000.0,1,False,True,False,False,False,False,False,True,False,False,True,False,False,8
2012.0,300000,80000.0,2,False,False,False,False,True,False,False,True,False,False,True,False,False,21
2012.0,250000,156000.0,1,False,True,False,False,False,False,False,True,False,False,True,False,False,18
2018.0,300000,25000.0,1,False,False,False,False,True,False,False,True,False,False,True,False,False,18
2004.0,80000,120000.0,1,False,False,False,False,True,False,False,True,False,False,True,False,False,18
2020.0,1200000,11000.0,1,False,True,False,False,False,False,False,True,False,False,True,False,False,17
2017.0,355000,40000.0,1,False,False,False,False,True,False,True,False,False,False,True,False,False,23
2015.0,520000,50000.0,1,False,True,False,False,False,False,False,True,False,False,True,False,False,18
2012.0,500000,26000.0,1,False,True,False,False,False,False,False,True,False,False,True,False,False,10
2008.0,114999,30000.0,1,False,False,False,False,True,False,False,True,False,False,True,False,False,18
2018.0,800000,20000.0,1,False,True,False,False,False,False,False,True,False,False,True,False,False,17
2008.0,105000,30000.0,2,False,False,False,False,True,False,False,True,False,False,True,False,False,18
2011.0,135000,78000.0,1,False,False,False,False,True,False,False,True,False,False,True,False,False,18
2011.0,170000,40000.0,2,False,False,False,False,True,False,False,True,False,False,True,False,False,18
2014.0,550000,100000.0,1,False,False,False,False,True,False,False,True,False,False,True,False,False,10
2009.0,250000,70000.0,3,False,False,False,False,True,False,False,True,False,False,True,False,False,9
2014.0,650000,30000.0,2,False,True,False,False,False,False,False,True,False,False,True,False,False,10
2008.0,210000,77000.0,3,False,False,False,False,True,False,True,False,False,False,True,False,False,9
2011.0,260000,150000.0,1,False,True,False,False,False,False,False,True,False,False,True,False,False,27
2016.0,750000,69000.0,0,False,True,False,False,False,False,False,True,False,False,True,False,False,18
2012.0,220000,120000.0,2,False,True,False,False,False,False,False,True,False,False,True,False,False,18
2008.0,110000,110000.0,2,False,False,False,False,True,False,False,True,False,False,True,False,False,10
2013.0,220000,110000.0,1,False,True,False,False,False,False,False,True,False,False,True,False,False,17
2009.0,130000,50000.0,1,False,True,False,False,False,False,False,True,False,False,True,False,False,25
2012.0,330000,44000.0,1,False,False,False,False,True,False,False,True,False,False,True,False,False,10
2010.0,254999,90000.0,2,False,False,False,False,True,False,False,True,False,False,True,False,False,9
2014.0,600000,50000.0,2,False,False,False,False,True,False,False,True,False,False,True,False,False,10
2012.0,210000,50000.0,1,False,False,False,False,True,False,False,True,False,False,True,False,False,10
2014.0,300000,146000.0,1,False,True,False,False,False,False,False,True,False,False,True,False,False,3
2018.0,426000,15000.0,1,False,False,False,False,True,False,True,False,False,False,True,False,False,25
2015.0,265000,60000.0,1,False,False,False,False,True,False,False,True,False,False,True,False,False,18
2016.0,450000,35000.0,2,False,False,False,False,True,False,False,True,False,False,True,False,False,10
2012.0,480000,80000.0,1,False,True,False,False,False,False,False,True,False,False,True,False,False,10
2010.0,40000,90000.0,1,False,False,False,False,True,False,False,True,False,False,True,False,False,25
2011.0,395000,70000.0,2,False,False,False,False,True,False,False,True,False,False,True,False,False,9
2013.0,229999,62000.0,2,False,False,False,False,True,False,False,True,False,False,True,False,False,18
2018.0,875000,10000.0,1,False,False,False,False,True,False,True,False,False,False,True,False,False,8
2010.0,170000,80000.0,4,True,False,False,False,False,False,False,True,False,False,True,False,False,18
2015.0,500000,35000.0,2,False,False,False,False,True,False,False,True,False,False,True,False,False,10
2017.0,600000,60000.0,1,False,True,False,False,False,False,False,True,False,False,False,True,False,18
2019.0,450000,40000.0,1,False,False,False,False,True,False,False,True,False,False,True,False,False,18
2012.0,550000,120000.0,3,False,True,False,False,False,False,False,True,False,False,True,False,False,18
2013.0,200000,60000.0,1,False,False,False,False,True,False,False,True,False,False,True,False,False,25
2008.0,80000,90000.0,2,False,False,False,False,True,False,False,True,False,False,True,False,False,25
2019.0,675000,15000.0,1,False,True,False,False,False,False,False,True,False,False,True,False,False,8
2017.0,260000,30000.0,1,False,False,False,False,True,False,False,True,False,False,True,False,False,18
2001.0,70000,117000.0,2,False,False,False,False,True,False,False,True,False,False,True,False,False,18
2004.0,100000,70000.0,1,False,False,False,False,True,False,False,True,False,False,True,False,False,18
2012.0,730000,110000.0,2,False,True,False,False,False,False,False,True,False,False,True,False,False,26
2016.0,525000,100000.0,2,False,True,False,False,False,False,False,True,False,False,True,False,False,21
2016.0,525000,105000.0,2,False,True,False,False,False,False,False,True,False,False,True,False,False,21
2012.0,420000,95000.0,2,False,True,False,False,False,False,False,True,False,False,True,False,False,26
2015.0,500000,70000.0,1,False,False,False,False,True,False,False,True,False,False,True,False,False,9
2009.0,165000,76000.0,2,False,False,False,False,True,False,False,True,False,False,True,False,False,18
2014.0,650000,70000.0,2,False,True,False,False,False,False,False,True,False,False,True,False,False,10
2013.0,195000,46000.0,1,False,True,False,False,False,False,False,True,False,False,True,False,False,3
1999.0,75000,70000.0,1,False,False,False,False,True,False,False,True,False,False,True,False,False,18
2005.0,100000,60000.0,2,False,True,False,False,False,False,False,True,False,False,True,False,False,10
2006.0,90000,90000.0,1,False,False,False,False,True,False,False,True,False,False,True,False,False,18
2016.0,515000,50000.0,1,False,True,False,False,False,False,False,True,False,False,True,False,False,10
2017.0,700000,24585.0,5,False,True,False,False,False,False,False,True,False,True,False,False,False,9
2001.0,62000,70000.0,1,False,False,False,False,True,False,False,True,False,False,True,False,False,18
2011.0,220000,110000.0,3,False,True,False,False,False,False,False,True,False,False,True,False,False,26
2019.0,520000,10000.0,1,True,False,False,False,False,False,False,True,False,False,True,False,False,10
2010.0,170000,100000.0,1,False,False,False,False,True,False,False,True,False,False,True,False,False,6
2011.0,190000,110000.0,2,False,True,False,False,False,False,False,True,False,False,True,False,False,8
2011.0,150000,100000.0,2,False,True,False,False,False,False,False,True,False,False,True,False,False,8
2009.0,125000,65000.0,1,False,False,False,False,True,False,False,True,False,False,True,False,False,18
2015.0,290000,40000.0,3,False,True,False,False,False,False,False,True,False,False,True,False,False,9
2019.0,490000,13900.0,1,False,False,False,False,True,False,False,True,False,False,True,False,False,18
2017.0,434999,17563.0,1,False,False,False,False,True,False,False,True,False,False,True,False,False,25
2016.0,380000,15000.0,1,False,False,False,False,True,False,False,True,False,False,True,False,False,25
2012.0,200000,60000.0,2,False,True,False,False,False,False,False,True,False,False,True,False,False,27
2016.0,495000,40000.0,1,False,True,False,False,False,False,False,True,False,False,True,False,False,8
2014.0,600000,151000.0,2,False,True,False,False,False,False,False,True,False,False,True,False,False,17
2015.0,300000,60000.0,1,False,False,False,False,True,False,False,True,False,False,True,False,False,9
2017.0,430000,15000.0,1,False,False,False,False,True,False,False,True,False,False,True,False,False,9
2017.0,370000,60000.0,1,False,True,False,False,False,False,False,True,False,False,True,False,False,9
2019.0,750000,11000.0,1,False,False,False,False,True,False,False,True,False,False,True,False,False,18
2016.0,300000,50000.0,1,True,False,False,False,False,False,False,True,False,False,True,False,False,18
2012.0,700000,120000.0,2,False,True,False,False,False,False,True,False,False,False,True,False,False,2
2007.0,100000,70000.0,3,False,False,False,True,False,False,False,True,False,False,True,False,False,18
2015.0,300000,90000.0,1,False,False,False,False,True,False,False,True,False,False,True,False,False,10
2016.0,650000,40000.0,1,False,True,False,False,False,False,False,True,False,False,True,False,False,10
2017.0,509999,25000.0,1,False,True,False,False,False,False,False,True,False,False,True,False,False,18
2013.0,1000000,117780.0,2,False,True,False,False,False,False,False,True,False,False,True,False,False,26
2010.0,280000,120000.0,2,False,True,False,False,False,False,False,True,False,False,True,False,False,10
2017.0,600000,120000.0,1,False,True,False,False,False,False,False,True,False,False,True,False,False,18
2013.0,210000,120000.0,3,False,True,False,False,False,False,False,True,False,False,True,False,False,24
2014.0,1150000,110000.0,2,False,True,False,False,False,False,True,False,False,False,True,False,False,1
2018.0,245000,30000.0,1,False,False,False,False,True,False,False,True,False,False,True,False,False,10
2016.0,375000,25000.0,1,False,False,False,False,True,False,False,True,False,False,True,False,False,10
2015.0,150000,55000.0,2,False,True,False,False,False,False,False,True,False,False,True,False,False,17
2014.0,500000,100000.0,2,False,True,False,False,False,False,False,True,False,False,True,False,False,18
2007.0,75000,40000.0,2,False,False,False,False,True,False,False,True,False,False,True,False,False,18
2006.0,225000,80000.0,3,False,False,False,False,True,False,True,False,False,False,True,False,False,10
2006.0,275000,80000.0,4,False,False,False,False,True,False,True,False,False,False,True,False,False,10
2018.0,620000,35000.0,1,False,True,False,False,False,False,False,True,False,False,True,False,False,17
2010.0,600000,110000.0,2,False,True,False,False,False,False,False,True,False,False,True,False,False,21
2011.0,275000,160000.0,1,False,True,False,False,False,False,False,True,False,False,True,False,False,17
2013.0,125000,125000.0,0,False,True,False,False,False,False,False,True,False,False,True,False,False,25
2011.0,80000,62000.0,2,False,False,False,False,True,False,False,True,False,False,True,False,False,25
2011.0,199000,120000.0,2,False,True,False,False,False,False,False,True,False,False,True,False,False,21
2016.0,440000,33000.0,2,False,False,False,False,True,False,False,True,False,False,True,False,False,21
2013.0,250000,80000.0,4,False,True,False,False,False,False,False,True,False,False,True,False,False,18
2017.0,700000,35000.0,1,False,True,False,False,False,False,False,True,False,False,True,False,False,10
2015.0,450000,50000.0,1,False,True,False,False,False,False,False,True,False,False,True,False,False,10
2019.0,240000,5000.0,1,False,False,False,False,True,False,False,True,False,False,True,False,False,18
2016.0,650000,81595.0,1,False,True,False,False,False,False,False,True,False,True,False,False,False,8
2005.0,71000,22000.0,1,False,False,False,False,True,False,False,True,False,False,True,False,False,10
2015.0,400000,40000.0,1,False,False,False,False,True,False,False,True,False,False,True,False,False,18
2008.0,130000,40000.0,2,False,False,False,False,True,False,False,True,False,False,True,False,False,18
2013.0,300000,60000.0,2,False,True,False,False,False,False,False,True,False,False,True,False,False,17
2019.0,1100000,4000.0,1,False,True,False,False,False,False,False,True,False,False,True,False,False,21
2018.0,800000,13500.0,1,False,False,False,False,True,False,False,True,False,True,False,False,False,9
2013.0,490000,40000.0,1,False,True,False,False,False,False,False,True,False,False,True,False,False,18
2018.0,836000,9700.0,1,False,False,False,False,True,False,False,True,False,True,False,False,False,9
2012.0,375000,62000.0,2,False,False,False,False,True,False,False,True,False,False,True,False,False,27
2009.0,35000,50000.0,3,False,False,False,False,True,False,False,True,False,False,True,False,False,25
2017.0,1068000,36000.0,1,False,False,False,False,True,False,False,True,False,True,False,False,False,9
2017.0,1189000,40000.0,0,False,True,False,False,False,False,False,True,False,True,False,False,False,9
2018.0,700000,27000.0,1,False,False,False,False,True,False,False,True,False,False,True,False,False,10
2016.0,350000,40000.0,1,False,False,False,False,True,False,False,True,False,False,True,False,False,18
2009.0,254999,80000.0,2,False,False,False,False,True,False,False,True,False,False,True,False,False,10
2016.0,750000,80000.0,1,False,True,False,False,False,False,False,True,False,False,True,False,False,10
2012.0,325000,119000.0,2,False,True,False,False,False,False,False,True,False,False,True,False,False,18
2017.0,509999,25000.0,1,False,False,False,False,True,False,True,False,False,False,True,False,False,18
2013.0,363000,28740.0,1,False,False,False,False,True,False,False,True,False,False,True,False,False,21
2010.0,229999,48500.0,1,False,False,False,False,True,False,False,True,False,False,True,False,False,18
2012.0,290000,110000.0,2,False,False,False,False,True,False,False,True,False,False,True,False,False,21
2018.0,550000,30000.0,1,False,False,False,False,True,False,False,True,False,False,True,False,False,18
2011.0,125000,120000.0,2,False,True,False,False,False,False,False,True,False,False,True,False,False,25
2008.0,350000,140000.0,2,False,True,False,False,False,False,False,True,False,False,True,False,False,26
2011.0,390000,90000.0,1,False,True,False,False,False,False,False,True,False,False,True,False,False,10
2008.0,150000,50000.0,2,False,False,False,False,True,False,False,True,False,False,True,False,False,18
2015.0,280000,15000.0,2,False,False,False,False,True,False,False,True,False,False,True,False,False,18
2015.0,220000,45000.0,1,False,False,False,False,True,False,False,True,False,False,True,False,False,18
2005.0,140000,80000.0,3,False,False,False,False,True,False,False,True,False,False,True,False,False,10
2018.0,370000,15000.0,1,False,False,False,False,True,False,True,False,False,False,True,False,False,18
2019.0,650000,20000.0,1,False,True,False,False,False,False,False,True,False,False,True,False,False,18
2017.0,280000,37000.0,1,False,False,False,False,True,False,False,True,False,False,True,False,False,18
2016.0,540000,80000.0,1,False,True,False,False,False,False,False,True,False,False,True,False,False,18
2002.0,50000,120000.0,4,False,True,False,False,False,False,False,True,False,False,True,False,False,0
2018.0,800000,20000.0,1,False,False,False,False,True,False,False,True,False,False,True,False,False,18
2016.0,515000,25000.0,1,False,True,False,False,False,False,False,True,False,False,True,False,False,8
2010.0,220000,96000.0,3,False,False,False,False,True,False,False,True,False,False,True,False,False,10
2014.0,525000,54000.0,2,False,False,False,False,True,False,False,True,False,True,False,False,False,10
2013.0,165000,53000.0,1,False,False,False,False,True,False,False,True,False,True,False,False,False,3
2010.0,221000,65000.0,0,False,True,False,False,False,False,False,True,False,True,False,False,False,6
2015.0,245000,43000.0,1,False,False,False,False,True,False,False,True,False,True,False,False,False,3
2012.0,260000,60000.0,1,False,False,False,False,True,False,False,True,False,True,False,False,False,8
2011.0,550000,73000.0,1,False,True,False,False,False,False,True,False,False,True,False,False,False,24
2015.0,434999,29000.0,1,False,False,False,False,True,False,False,True,False,True,False,False,False,10
2013.0,450000,95000.0,1,False,True,False,False,False,False,False,True,False,True,False,False,False,25
2014.0,290000,25000.0,1,False,False,False,False,True,False,False,True,False,False,True,False,False,3
2011.0,305000,53000.0,2,False,False,False,False,True,False,False,True,False,True,False,False,False,27
2011.0,265000,20000.0,1,False,False,False,False,True,False,False,True,False,True,False,False,False,8
2014.0,325000,57000.0,1,False,False,False,False,True,False,False,True,False,True,False,False,False,9
2014.0,550000,52000.0,1,False,True,False,False,False,False,False,True,False,True,False,False,False,3
2008.0,105000,40000.0,0,False,False,False,False,True,False,False,True,False,False,True,False,False,18
2012.0,275000,47000.0,1,False,False,False,False,True,False,False,True,False,True,False,False,False,9
2012.0,434999,47000.0,2,False,False,False,False,True,False,False,True,False,True,False,False,False,9
2016.0,690000,73000.0,0,False,True,False,False,False,False,False,True,False,True,False,False,False,10
2012.0,249000,42000.0,2,False,False,False,False,True,False,False,True,False,True,False,False,False,9
2012.0,204999,60000.0,3,False,False,False,False,True,False,False,True,False,True,False,False,False,10
2015.0,190000,120000.0,1,False,False,False,False,True,False,False,True,False,False,True,False,False,18
2012.0,150000,50000.0,1,False,False,False,False,True,False,False,True,False,False,True,False,False,18
1999.0,70000,70000.0,4,False,False,False,False,True,False,False,True,False,False,True,False,False,18
2018.0,900000,25000.0,1,False,True,False,False,False,False,False,True,False,False,True,False,False,17
2019.0,950000,11000.0,1,False,False,False,False,True,False,True,False,False,False,True,False,False,18
2013.0,475000,80000.0,1,False,False,False,False,True,False,False,True,False,False,True,False,False,18
1998.0,55000,80000.0,4,False,False,False,False,True,False,False,True,False,False,True,False,False,18
2013.0,450000,75000.0,2,False,True,False,False,False,False,False,True,False,False,True,False,False,8
2009.0,1200000,45000.0,3,False,True,False,False,False,False,True,False,False,False,True,False,False,2
2014.0,300000,100000.0,2,False,True,False,False,False,False,False,True,False,False,True,False,False,17
2014.0,350000,60000.0,2,False,True,False,False,False,False,False,True,False,False,True,False,False,9
2011.0,229999,160000.0,2,False,True,False,False,False,False,False,True,False,False,True,False,False,25
2015.0,821000,50000.0,1,False,False,False,False,True,False,False,True,False,False,True,False,False,10
2014.0,200000,80000.0,2,False,False,False,False,True,False,False,True,False,False,True,False,False,18
2017.0,1000000,60000.0,2,False,True,False,False,False,False,False,True,False,False,True,False,False,17
2016.0,220000,60000.0,2,False,False,False,False,True,False,False,True,False,False,True,False,False,18
2015.0,459999,148620.0,1,False,True,False,False,False,False,False,True,False,True,False,False,False,8
2012.0,310000,70000.0,2,False,True,False,False,False,False,False,True,False,False,True,False,False,18
2018.0,815000,42000.0,1,False,True,False,False,False,False,False,True,False,False,True,False,False,10
2017.0,1200000,40000.0,1,False,True,False,False,False,False,False,True,False,False,True,False,False,10
2011.0,170000,60000.0,2,False,True,False,False,False,False,False,True,False,False,True,False,False,3
2017.0,1000000,30000.0,1,False,True,False,False,False,False,False,True,False,False,True,False,False,18
2010.0,155000,90000.0,4,False,False,False,False,True,False,False,True,False,False,True,False,False,10
2017.0,400000,120000.0,1,False,True,False,False,False,False,False,True,False,False,True,False,False,17
2016.0,400000,80000.0,2,False,True,False,False,False,False,False,True,False,False,True,False,False,17
2010.0,250000,80000.0,2,False,True,False,False,False,False,False,True,False,False,True,False,False,25
2008.0,150000,50000.0,3,False,False,False,False,True,False,False,True,False,False,True,False,False,25
2002.0,80000,70000.0,2,False,False,False,False,True,False,False,True,False,False,True,False,False,10
2009.0,130000,120000.0,2,False,True,False,False,False,False,True,False,False,False,True,False,False,18
2014.0,325000,70000.0,1,False,True,False,False,False,False,True,False,False,False,True,False,False,27
2010.0,290000,87620.0,1,False,True,False,False,False,False,True,False,False,True,False,False,False,27
2015.0,490000,60000.0,1,False,False,False,False,True,False,False,True,False,True,False,False,False,10
2019.0,738000,8000.0,1,False,False,False,False,True,False,True,False,False,False,True,False,False,10
2012.0,150000,110000.0,1,False,True,False,False,False,False,False,True,False,False,True,False,False,25
2011.0,280000,110000.0,1,False,True,False,False,False,False,False,True,False,False,True,False,False,27
2006.0,100000,120000.0,2,False,False,False,False,True,False,False,True,False,False,True,False,False,10
2008.0,150000,100000.0,2,False,False,False,False,True,False,False,True,False,False,True,False,False,18
2014.0,380000,100000.0,2,False,True,False,False,False,False,False,True,False,False,True,False,False,18
2006.0,90000,60000.0,2,False,True,False,False,False,False,False,True,False,False,True,False,False,18
2011.0,275000,60000.0,2,False,True,False,False,False,False,False,True,False,False,True,False,False,24
2009.0,180000,41090.0,1,False,False,False,False,True,False,False,True,False,False,True,False,False,18
2014.0,200000,40000.0,1,False,False,False,False,True,False,False,True,False,False,True,False,False,18
2011.0,500000,40000.0,2,False,False,False,False,True,False,False,True,False,False,True,False,False,26
2010.0,300000,70000.0,2,False,False,False,False,True,False,False,True,False,False,True,False,False,8
2015.0,765000,80000.0,2,False,True,False,False,False,False,False,True,False,False,True,False,False,10
2017.0,650000,90000.0,1,False,True,False,False,False,False,False,True,False,False,True,False,False,18
2017.0,380000,19000.0,1,False,False,False,False,True,False,False,True,False,False,True,False,False,18
1996.0,200000,60000.0,1,False,True,False,False,False,False,False,True,False,False,True,False,False,17
2010.0,145000,68000.0,2,True,False,False,False,False,False,False,True,False,False,True,False,False,18
2011.0,280000,120000.0,2,False,True,False,False,False,False,False,True,False,False,True,False,False,18
2014.0,254999,30000.0,1,False,True,False,False,False,False,False,True,False,False,True,False,False,18
2016.0,300000,90000.0,2,False,False,False,False,True,False,False,True,False,False,True,False,False,25
2015.0,480000,140000.0,3,False,True,False,False,False,False,False,True,False,False,True,False,False,18
2014.0,850000,44500.0,1,False,False,False,False,True,False,True,False,False,False,True,False,False,24
2014.0,350000,52000.0,2,False,True,False,False,False,False,False,True,False,False,True,False,False,10
2016.0,650000,26000.0,1,False,False,False,False,True,False,False,True,False,False,True,False,False,10
2007.0,550000,80000.0,2,False,False,False,False,True,False,False,True,False,False,True,False,False,25
2015.0,300000,35000.0,1,False,False,False,False,True,False,False,True,False,False,True,False,False,18
2008.0,150000,60000.0,2,False,False,False,False,True,False,False,True,False,False,True,False,False,18
2014.0,300000,60000.0,1,False,False,False,False,True,False,False,True,False,False,True,False,False,10
2004.0,80000,58000.0,1,False,False,False,False,True,False,False,True,False,False,True,False,False,10
2011.0,180000,80000.0,3,False,True,False,False,False,False,False,True,False,False,True,False,False,25
2017.0,290000,20000.0,1,False,True,False,False,False,False,False,True,False,False,True,False,False,10
2009.0,110000,100000.0,4,False,True,False,False,False,False,False,True,False,False,True,False,False,8
2014.0,180000,56207.0,2,False,False,False,False,True,False,False,True,False,True,False,False,False,18
2010.0,250000,40000.0,1,False,True,False,False,False,False,False,True,False,False,True,False,False,10
2015.0,425000,12000.0,1,False,False,False,False,True,False,False,True,False,False,True,False,False,10
2016.0,700000,35000.0,1,False,True,False,False,False,False,False,True,False,False,True,False,False,9
2010.0,130000,50000.0,2,False,False,False,False,True,False,False,True,False,False,True,False,False,18
2017.0,650000,67000.0,1,False,True,False,False,False,False,False,True,False,False,True,False,False,18
2013.0,400000,100000.0,2,False,False,False,False,True,False,False,True,False,False,True,False,False,23
2017.0,800000,60000.0,1,False,True,False,False,False,False,False,True,False,False,True,False,False,17
2017.0,675000,70000.0,1,False,True,False,False,False,False,False,True,False,False,True,False,False,17
2017.0,210000,50000.0,4,False,False,False,False,True,False,False,True,False,False,True,False,False,18
2009.0,150000,120000.0,3,False,True,False,False,False,False,False,True,False,False,True,False,False,25
2007.0,45000,100000.0,4,True,False,False,False,False,False,False,True,False,False,True,False,False,18
2015.0,516000,90000.0,1,False,False,False,False,True,False,False,True,False,False,True,False,False,10
2014.0,450000,80000.0,1,False,False,False,False,True,False,False,True,False,False,True,False,False,10
2012.0,134000,90000.0,2,False,False,False,False,True,False,False,True,False,False,True,False,False,3
2014.0,509999,157000.0,2,False,True,False,False,False,False,False,True,False,False,True,False,False,26
2016.0,500000,20000.0,1,False,False,False,False,True,False,False,True,False,False,True,False,False,27
2008.0,130000,80000.0,4,False,False,False,False,True,False,False,True,False,False,True,False,False,18
2015.0,575000,60000.0,1,False,True,False,False,False,False,False,True,False,False,True,False,False,18
2015.0,550000,49000.0,1,False,False,False,False,True,False,False,True,False,False,True,False,False,10
2009.0,145000,89255.0,1,False,True,False,False,False,False,False,True,False,False,True,False,False,25
2020.0,347000,5000.0,1,False,False,False,False,True,False,False,True,False,False,True,False,False,18
2013.0,275000,110000.0,1,False,True,False,False,False,False,False,True,False,False,True,False,False,25
2012.0,160000,90000.0,2,False,True,False,False,False,False,False,True,False,False,True,False,False,3
2010.0,150000,63000.0,3,False,True,False,False,False,False,False,True,False,False,True,False,False,6
2015.0,550000,60000.0,1,False,False,False,False,True,False,False,True,False,False,True,False,False,9
2013.0,349000,100000.0,1,False,True,False,False,False,False,False,True,False,False,True,False,False,17
2008.0,110000,90000.0,3,False,True,False,False,False,False,False,True,False,False,True,False,False,25
2008.0,110000,60000.0,3,False,False,False,False,True,False,False,True,False,False,True,False,False,18
2018.0,245000,5550.0,2,False,False,False,False,True,False,False,True,False,False,True,False,False,23
2014.0,180000,100000.0,2,False,False,False,False,True,False,False,True,False,False,True,False,False,18
2014.0,290000,80000.0,2,False,False,False,False,True,False,False,True,False,False,True,False,False,18
2010.0,150000,100000.0,1,False,True,False,False,False,False,False,True,False,False,True,False,False,25
2004.0,55000,35000.0,3,False,False,False,False,True,False,False,True,False,False,True,False,False,18
2006.0,500000,75000.0,2,False,True,False,False,False,False,False,True,False,False,True,False,False,24
2013.0,290000,150000.0,4,False,True,False,False,False,False,False,True,False,False,True,False,False,17
2009.0,72000,70000.0,1,False,False,False,False,True,False,False,True,False,False,True,False,False,18
2014.0,250000,115000.0,1,False,True,False,False,False,False,False,True,False,False,True,False,False,18
2019.0,575000,25000.0,1,False,False,False,False,True,False,True,False,False,False,True,False,False,18
2019.0,425000,15000.0,1,False,False,False,False,True,False,False,True,False,False,True,False,False,10
2019.0,470000,10000.0,1,True,False,False,False,False,False,False,True,False,False,True,False,False,18
2012.0,220000,80000.0,3,False,False,False,False,True,False,False,True,False,False,True,False,False,26
2020.0,310000,1700.0,1,False,False,False,False,True,False,False,True,False,False,True,False,False,18
2016.0,400000,45217.0,1,False,True,False,False,False,False,False,True,False,True,False,False,False,8
2018.0,310000,20000.0,1,False,False,False,False,True,False,False,True,False,False,True,False,False,10
2017.0,750000,50000.0,1,False,True,False,False,False,False,False,True,False,False,True,False,False,18
2009.0,204999,120000.0,2,False,True,False,False,False,False,False,True,False,False,True,False,False,25
2012.0,180000,40000.0,2,False,False,False,False,True,False,False,True,False,False,True,False,False,18
2007.0,125000,110000.0,2,False,True,False,False,False,False,False,True,False,False,True,False,False,17
2014.0,420000,155000.0,1,False,True,False,False,False,False,False,True,False,False,True,False,False,18
2011.0,220000,70000.0,2,False,False,False,False,True,False,False,True,False,False,True,False,False,18
2010.0,200000,70000.0,3,False,False,False,False,True,False,False,True,False,False,True,False,False,18
2009.0,130000,100000.0,3,False,True,False,False,False,False,False,True,False,False,True,False,False,8
2016.0,335000,41000.0,1,False,False,False,False,True,False,False,True,False,True,False,False,False,25
2011.0,434999,97000.0,2,False,False,False,False,True,False,True,False,False,True,False,False,False,9
2014.0,500000,60000.0,1,False,False,False,False,True,False,False,True,False,False,True,False,False,9
2017.0,290000,60000.0,1,False,False,False,False,True,False,False,True,False,False,True,False,False,18
2014.0,475000,48000.0,2,False,False,False,False,True,False,True,False,False,True,False,False,False,8
2019.0,600000,80000.0,1,False,False,False,False,True,False,False,True,False,False,True,False,False,10
2013.0,300000,70000.0,2,False,True,False,False,False,False,False,True,False,False,True,False,False,10
2012.0,415000,80000.0,2,False,True,False,False,False,False,False,True,False,False,True,False,False,27
2018.0,800000,30000.0,2,False,True,False,False,False,False,True,False,False,False,True,False,False,18
2016.0,420000,44440.0,2,False,False,False,False,True,False,False,True,False,False,True,False,False,10
2011.0,270000,120000.0,1,False,True,False,False,False,False,False,True,False,False,True,False,False,18
2015.0,390000,80000.0,2,False,True,False,False,False,False,False,True,False,False,True,False,False,10
2012.0,400000,110000.0,1,False,True,False,False,False,False,False,True,False,False,True,False,False,24
2010.0,850000,46000.0,1,False,True,False,False,False,False,True,False,False,False,True,False,False,1
2012.0,359000,120000.0,3,False,True,False,False,False,False,True,False,False,False,True,False,False,3
2015.0,470000,91365.0,1,False,True,False,False,False,False,False,True,False,True,False,False,False,18
2013.0,360000,90010.0,2,False,True,False,False,False,False,False,True,False,True,False,False,False,18
2013.0,250999,80000.0,1,False,True,False,False,False,False,False,True,False,False,True,False,False,18
2012.0,45000,35000.0,2,False,False,False,False,True,False,False,True,False,False,True,False,False,25
2006.0,75000,80000.0,2,False,False,False,False,True,False,False,True,False,False,True,False,False,18
2013.0,495000,31800.0,1,False,True,False,False,False,False,False,True,False,True,False,False,False,18
2013.0,310000,59100.0,1,True,False,False,False,False,False,False,True,False,True,False,False,False,18
2016.0,540000,31200.0,1,False,False,False,False,True,False,False,True,False,True,False,False,False,9
2016.0,665000,51000.0,1,False,True,False,False,False,False,False,True,False,True,False,False,False,18
2013.0,425000,22700.0,2,False,True,False,False,False,False,False,True,False,True,False,False,False,10
2016.0,675000,50900.0,1,False,True,False,False,False,False,False,True,False,True,False,False,False,18
2018.0,980000,10000.0,1,False,True,False,False,False,False,False,True,False,False,True,False,False,18
2014.0,320000,60000.0,1,False,True,False,False,False,False,False,True,False,False,True,False,False,3
2011.0,250000,80000.0,2,False,False,False,False,True,False,False,True,False,False,True,False,False,18
2016.0,600000,72000.0,1,False,True,False,False,False,False,False,True,False,False,True,False,False,18
2016.0,300000,96000.0,1,False,False,False,False,True,False,False,True,False,False,True,False,False,10
2014.0,305000,66000.0,1,False,True,False,False,False,False,False,True,False,False,True,False,False,3
2009.0,106000,70000.0,1,False,False,False,False,True,False,False,True,False,False,True,False,False,18
2006.0,90000,75000.0,3,False,True,False,False,False,False,False,True,False,False,True,False,False,10
2019.0,539000,2417.0,1,False,False,False,False,True,False,False,True,False,False,True,False,False,25
2016.0,250000,30000.0,2,False,False,False,False,True,False,False,True,False,False,True,False,False,10
2018.0,707000,60000.0,1,False,True,False,False,False,False,False,True,False,False,True,False,False,17
2007.0,95000,120000.0,4,False,False,False,False,True,False,False,True,False,False,True,False,False,10
2020.0,495000,7000.0,1,True,False,False,False,False,False,False,True,False,False,True,False,False,18
2012.0,200000,35000.0,1,False,True,False,False,False,False,False,True,False,False,True,False,False,25
2009.0,110000,110000.0,4,False,False,False,False,True,False,False,True,False,False,True,False,False,18
2008.0,100000,130000.0,4,False,False,False,False,True,False,False,True,False,False,True,False,False,18
2016.0,150000,25000.0,2,False,False,False,False,True,False,False,True,False,False,True,False,False,18
2005.0,50000,80000.0,3,False,False,False,False,True,False,False,True,False,False,True,False,False,8
2007.0,85000,70000.0,2,False,False,False,False,True,False,False,True,False,False,True,False,False,3
2018.0,475000,23000.0,0,False,False,False,False,True,False,False,True,False,False,True,False,False,10
2014.0,425000,40000.0,1,False,False,False,False,True,False,False,True,False,False,True,False,False,27
2006.0,480000,110000.0,2,False,False,False,False,True,False,True,False,False,False,True,False,False,2
2019.0,950000,10000.0,1,False,True,False,False,False,False,False,True,False,False,True,False,False,18
2015.0,535000,80000.0,1,False,True,False,False,False,False,False,True,False,False,True,False,False,18
2009.0,325000,25000.0,3,False,True,False,False,False,False,False,True,False,False,True,False,False,10
2013.0,270000,74000.0,3,False,False,False,False,True,False,False,True,False,False,True,False,False,18
2015.0,300000,60000.0,3,False,False,False,False,True,False,False,True,False,False,True,False,False,18
2011.0,325000,70000.0,1,False,True,False,False,False,False,False,True,False,False,True,False,False,27
2010.0,350000,100000.0,1,False,True,False,False,False,False,False,True,False,False,True,False,False,25
2008.0,229999,146000.0,3,False,True,False,False,False,False,False,True,False,False,True,False,False,10
2012.0,325000,60000.0,2,False,True,False,False,False,False,False,True,False,False,True,False,False,18
2005.0,70000,70000.0,2,False,False,False,False,True,False,False,True,False,False,True,False,False,18
2008.0,190000,120000.0,3,False,True,False,False,False,False,False,True,False,False,True,False,False,24
2011.0,345000,65500.0,1,False,True,False,False,False,False,False,True,False,False,True,False,False,3
2016.0,1025000,70000.0,1,False,True,False,False,False,False,False,True,False,False,True,False,False,17
2012.0,120000,50000.0,1,False,False,False,False,True,False,False,True,False,False,True,False,False,18
2009.0,114999,90000.0,2,False,False,False,False,True,False,False,True,False,False,True,False,False,18
2009.0,300000,120000.0,2,False,False,False,False,True,False,False,True,False,False,True,False,False,9
2016.0,340000,56000.0,1,False,False,False,False,True,False,False,True,False,True,False,False,False,18
2005.0,90000,70000.0,2,False,False,False,False,True,False,False,True,False,False,True,False,False,18
2006.0,150000,140300.0,1,False,False,False,False,True,False,False,True,False,False,True,False,False,18
2010.0,115999,70000.0,1,False,False,False,False,True,False,False,True,False,False,True,False,False,18
2014.0,750000,41988.0,1,False,True,False,False,False,False,False,True,False,True,False,False,False,17
2017.0,350000,7658.0,1,False,True,False,False,False,False,True,False,False,True,False,False,False,23
2017.0,611000,60000.0,1,False,True,False,False,False,False,False,True,False,True,False,False,False,18
2012.0,225000,48000.0,1,False,False,False,False,True,False,False,True,False,True,False,False,False,10
2016.0,375000,23000.0,2,False,False,False,False,True,False,False,True,False,True,False,False,False,18
2007.0,275000,10211.0,1,False,False,False,False,True,False,False,True,False,False,True,False,False,18
2005.0,120000,120000.0,3,False,True,False,False,False,False,False,True,False,False,True,False,False,17
2015.0,350000,120000.0,1,False,True,False,False,False,False,False,True,False,False,True,False,False,18
2017.0,409999,35000.0,1,False,False,False,False,True,False,False,True,False,False,True,False,False,18
2012.0,500000,130000.0,1,False,True,False,False,False,False,False,True,False,False,True,False,False,10
2013.0,220000,90000.0,2,False,True,False,False,False,False,False,True,False,False,True,False,False,21
2008.0,120000,80000.0,2,False,False,False,False,True,False,False,True,False,False,True,False,False,8
2007.0,70000,55000.0,2,False,False,False,False,True,False,False,True,False,False,True,False,False,10
2017.0,800000,15000.0,1,False,False,False,False,True,False,False,True,False,False,True,False,False,18
2012.0,525000,145000.0,1,False,True,False,False,False,False,False,True,False,False,True,False,False,17
2016.0,300000,35000.0,1,False,False,False,False,True,False,False,True,False,False,True,False,False,5
2008.0,195000,56000.0,2,False,False,False,False,True,False,False,True,False,False,True,False,False,10
2007.0,130000,98000.0,2,False,True,False,False,False,False,False,True,False,False,True,False,False,8
2011.0,300000,135000.0,2,False,True,False,False,False,False,False,True,False,False,True,False,False,26
2002.0,120000,60000.0,3,False,False,False,False,True,False,False,True,False,False,True,False,False,18
2010.0,450000,120000.0,3,False,True,False,False,False,False,False,True,False,False,True,False,False,26
2010.0,160000,102000.0,2,False,True,False,False,False,False,False,True,False,False,True,False,False,25
2018.0,800000,35000.0,1,False,True,False,False,False,False,False,True,False,False,True,False,False,17
2013.0,100000,80000.0,1,False,False,False,False,True,False,False,True,False,False,True,False,False,18
2015.0,265000,32933.0,1,False,False,False,False,True,False,False,True,False,True,False,False,False,18
2008.0,175000,54551.0,1,False,False,False,False,True,False,False,True,False,True,False,False,False,18
2014.0,250999,57112.0,1,False,False,False,False,True,False,False,True,False,True,False,False,False,18
2015.0,471000,41025.0,1,False,False,False,False,True,False,True,False,False,True,False,False,False,10
2019.0,650000,60000.0,1,False,True,False,False,False,False,False,True,False,False,True,False,False,18
2012.0,225000,53122.0,2,False,False,False,False,True,False,False,True,False,True,False,False,False,10
2013.0,245000,64111.0,1,True,False,False,False,False,False,False,True,False,True,False,False,False,18
2011.0,221000,78892.0,1,False,False,False,False,True,False,False,True,False,True,False,False,False,18
2011.0,271000,74113.0,1,False,False,False,False,True,False,False,True,False,True,False,False,False,10
2012.0,290000,80000.0,1,False,False,False,False,True,False,False,True,False,True,False,False,False,18
2017.0,525000,39000.0,1,False,False,False,False,True,False,False,True,False,True,False,False,False,18
2012.0,377000,84775.0,1,False,False,False,False,True,False,False,True,False,True,False,False,False,27
2012.0,95000,20778.0,1,False,False,False,False,True,False,False,True,False,True,False,False,False,25
2015.0,763000,64441.0,0,False,True,False,False,False,False,False,True,False,True,False,False,False,18
2015.0,450000,43192.0,1,False,False,False,False,True,False,False,True,False,True,False,False,False,9
2014.0,140000,44416.0,1,False,False,False,False,True,False,False,True,False,True,False,False,False,25
2016.0,701000,60000.0,1,False,True,False,False,False,False,False,True,False,True,False,False,False,18
2011.0,277000,62601.0,2,False,True,False,False,False,False,False,True,False,True,False,False,False,21
2018.0,520000,50000.0,1,False,False,False,False,True,False,True,False,False,False,True,False,False,18
2017.0,550000,100000.0,1,False,True,False,False,False,False,False,True,False,False,True,False,False,8
2011.0,260000,60000.0,3,False,True,False,False,False,False,False,True,False,False,True,False,False,27
2015.0,420000,100000.0,1,False,True,False,False,False,False,False,True,False,False,True,False,False,23
2002.0,35000,100000.0,3,False,False,False,False,True,False,False,True,False,False,True,False,False,22
2018.0,1150000,20000.0,1,False,True,False,False,False,False,False,True,False,False,True,False,False,17
2017.0,680000,46000.0,1,False,False,False,False,True,False,False,True,False,False,True,False,False,18
2012.0,425000,40000.0,1,False,True,False,False,False,False,False,True,False,False,True,False,False,18
2014.0,450000,70000.0,2,False,True,False,False,False,False,False,True,False,False,True,False,False,18
2008.0,590000,89600.0,3,False,True,False,False,False,False,False,True,False,False,True,False,False,26
2017.0,936999,60800.0,1,False,False,False,False,True,False,False,True,False,False,True,False,False,27
2015.0,420000,104000.0,2,False,True,False,False,False,False,False,True,False,False,True,False,False,9
2014.0,450000,80000.0,2,False,True,False,False,False,False,False,True,False,False,True,False,False,27
2004.0,40000,69111.0,3,False,False,False,False,True,False,False,True,False,False,True,False,False,18
2014.0,520000,70000.0,2,False,True,False,False,False,False,False,True,False,False,True,False,False,26
2007.0,80000,120000.0,1,False,False,False,False,True,False,False,True,False,False,True,False,False,18
2014.0,55000,40000.0,1,False,False,False,False,True,False,False,True,False,False,True,False,False,25
2001.0,80000,100000.0,3,False,True,False,False,False,False,False,True,False,False,True,False,False,17
2019.0,210000,20000.0,1,False,False,False,False,True,False,False,True,False,False,True,False,False,18
2017.0,260000,50000.0,1,False,True,False,False,False,False,False,True,False,False,True,False,False,25
2016.0,250000,60000.0,1,False,True,False,False,False,False,False,True,False,False,True,False,False,25
2008.0,80000,90000.0,1,False,True,False,False,False,False,False,True,False,False,True,False,False,25
2010.0,450000,150000.0,2,False,True,False,False,False,False,False,True,False,False,True,False,False,26
2005.0,310000,120000.0,2,False,True,False,False,False,False,False,True,False,False,True,False,False,26
2014.0,500000,100000.0,1,False,True,False,False,False,False,False,True,False,False,True,False,False,26
2016.0,840000,70000.0,0,False,True,False,False,False,False,False,True,False,False,True,False,False,10
2015.0,1000000,3600.0,1,False,True,False,False,False,False,False,True,False,True,False,False,False,3
2015.0,530000,14272.0,1,False,False,False,False,True,False,False,True,False,True,False,False,False,8
2003.0,75000,57000.0,1,False,False,False,False,True,False,False,True,False,False,True,False,False,10
2013.0,280000,3240.0,2,False,False,False,False,True,False,False,True,False,False,True,False,False,10
2015.0,540000,60000.0,1,False,False,False,False,True,False,False,True,False,False,True,False,False,10
2014.0,350000,90000.0,2,False,False,False,False,True,False,False,True,False,False,True,False,False,8
2011.0,320000,100000.0,1,False,True,False,False,False,False,False,True,False,False,True,False,False,18
2016.0,475000,90000.0,1,False,True,False,False,False,False,False,True,False,False,True,False,False,9
2011.0,220000,140000.0,2,False,True,False,False,False,False,False,True,False,False,True,False,False,25
2014.0,60000,70000.0,1,False,False,False,False,True,False,False,True,False,False,True,False,False,18
2013.0,425000,20000.0,1,False,True,False,False,False,False,False,True,False,True,False,False,False,3
2008.0,70000,60000.0,1,False,False,False,False,True,False,False,True,False,False,True,False,False,25
2015.0,281000,40000.0,1,False,True,False,False,False,False,False,True,False,False,True,False,False,3
2013.0,211000,80000.0,1,False,True,False,False,False,False,False,True,False,False,True,False,False,25
2018.0,550000,11000.0,1,False,False,False,False,True,False,False,True,False,False,True,False,False,10
2014.0,350000,110000.0,1,False,True,False,False,False,False,False,True,False,False,True,False,False,3
2017.0,420000,19890.0,1,False,False,False,False,True,False,True,False,False,True,False,False,False,18
2015.0,270000,20969.0,1,False,False,False,False,True,False,False,True,False,False,True,False,False,23
2016.0,399000,20194.0,1,False,False,False,False,True,False,False,True,False,True,False,False,False,18
2016.0,440000,34982.0,1,False,False,False,False,True,False,False,True,False,True,False,False,False,8
2012.0,250000,44588.0,1,False,False,False,False,True,False,False,True,False,True,False,False,False,10
2016.0,650000,57904.0,1,False,True,False,False,False,False,False,True,False,True,False,False,False,8
2015.0,270000,59258.0,1,False,False,False,False,True,False,False,True,False,True,False,False,False,18
2016.0,390000,60826.0,1,False,False,False,False,True,False,False,True,False,True,False,False,False,8
2014.0,225000,35000.0,1,False,False,False,False,True,False,False,True,False,False,True,False,False,18
2015.0,900000,110000.0,2,False,True,False,False,False,False,False,True,False,False,True,False,False,17
2019.0,800000,10000.0,1,False,False,False,False,True,False,False,True,False,False,True,False,False,25
2013.0,320000,50000.0,1,False,True,False,False,False,False,False,True,False,False,True,False,False,9
2016.0,300000,25000.0,1,False,False,False,False,True,False,False,True,False,False,True,False,False,18
2018.0,740000,25000.0,1,False,False,False,False,True,False,False,True,False,False,True,False,False,10
2019.0,350000,1300.0,1,False,False,False,False,True,False,False,True,False,False,True,False,False,5
2014.0,280000,40000.0,1,False,False,False,False,True,False,False,True,False,False,True,False,False,5
2018.0,675000,50000.0,1,False,True,False,False,False,False,True,False,False,False,True,False,False,18
2011.0,300000,20000.0,1,False,False,False,False,True,False,False,True,False,False,True,False,False,10
2011.0,400000,76000.0,3,False,True,False,False,False,False,False,True,False,False,True,False,False,3
2010.0,420000,100000.0,3,False,True,False,False,False,False,False,True,False,False,True,False,False,17
2008.0,300000,120000.0,1,False,True,False,False,False,False,False,True,False,False,True,False,False,25
2010.0,170000,70000.0,1,False,False,False,False,True,False,False,True,False,False,True,False,False,18
2014.0,210000,70000.0,3,False,False,False,False,True,False,False,True,False,False,True,False,False,10
2015.0,600000,60000.0,2,False,True,False,False,False,False,False,True,False,False,True,False,False,18
2014.0,260000,38000.0,2,False,False,False,False,True,False,False,True,False,False,True,False,False,18
2015.0,82000,19000.0,1,False,False,False,False,True,False,False,True,False,False,True,False,False,25
2016.0,690000,75000.0,1,False,True,False,False,False,False,False,True,False,False,True,False,False,17
2015.0,300000,70000.0,1,False,True,False,False,False,False,False,True,False,False,True,False,False,10
2017.0,799000,31707.0,1,False,True,False,False,False,False,False,True,False,False,True,False,False,10
2014.0,190000,90000.0,2,False,False,False,False,True,False,False,True,False,False,True,False,False,18
2014.0,250000,30000.0,1,False,True,False,False,False,False,False,True,False,False,True,False,False,17
2009.0,200000,60000.0,1,False,False,False,False,True,False,False,True,False,False,True,False,False,10
2005.0,300000,90000.0,2,False,True,False,False,False,False,False,True,False,False,True,False,False,17
2015.0,250000,120000.0,2,False,False,False,False,True,False,False,True,False,False,True,False,False,25
2008.0,90000,70000.0,3,False,False,False,False,True,False,False,True,False,False,True,False,False,18
2016.0,700000,160000.0,1,False,True,False,False,False,False,False,True,False,False,True,False,False,23
2017.0,290000,110000.0,2,False,False,False,False,True,False,False,True,False,False,True,False,False,18
2014.0,1050000,97000.0,2,False,True,False,False,False,False,False,True,False,False,True,False,False,26
2008.0,70000,100000.0,3,False,True,False,False,False,False,False,True,False,False,True,False,False,25
2016.0,520000,41000.0,1,False,True,False,False,False,False,False,True,False,False,True,False,False,18
2012.0,150000,90000.0,1,False,True,False,False,False,False,False,True,False,False,True,False,False,25
2008.0,120000,90000.0,1,False,False,False,False,True,False,False,True,False,False,True,False,False,10
2010.0,150000,70000.0,0,False,True,False,False,False,False,False,True,False,False,True,False,False,25
2011.0,400000,60000.0,1,False,False,False,False,True,False,False,True,False,False,True,False,False,27
2015.0,310000,30000.0,2,False,False,False,False,True,False,False,True,False,False,True,False,False,18
2015.0,550000,30000.0,1,False,False,False,False,True,False,False,True,False,False,True,False,False,18
2016.0,550000,60000.0,1,False,True,False,False,False,False,False,True,False,False,True,False,False,10
2013.0,320000,73000.0,1,False,True,False,False,False,False,False,True,False,False,True,False,False,10
1992.0,50000,100000.0,4,False,False,False,False,True,False,False,True,False,False,True,False,False,18
2018.0,360000,60000.0,1,False,False,False,False,True,False,False,True,False,False,True,False,False,23
2017.0,700000,50000.0,2,False,True,False,False,False,False,False,True,False,False,True,False,False,18
2012.0,700000,110000.0,2,False,True,False,False,False,False,False,True,False,False,True,False,False,18
2017.0,655000,60000.0,1,False,True,False,False,False,False,False,True,False,True,False,False,False,10
2011.0,200000,110000.0,1,False,False,False,True,False,False,False,True,False,False,True,False,False,3
2012.0,375000,150000.0,1,False,True,False,False,False,False,False,True,False,False,True,False,False,23
2012.0,470000,109052.0,1,False,True,False,False,False,False,False,True,False,True,False,False,False,10
2015.0,550000,90658.0,1,False,True,False,False,False,False,False,True,False,True,False,False,False,18
2014.0,500000,110000.0,2,False,True,False,False,False,False,False,True,False,False,True,False,False,9
2015.0,210000,25000.0,1,False,False,False,False,True,False,False,True,False,False,True,False,False,5
2009.0,245000,75000.0,1,False,True,False,False,False,False,True,False,False,True,False,False,False,10
2017.0,700000,25552.0,2,False,False,False,False,True,False,False,True,False,True,False,False,False,9
2018.0,300000,20000.0,1,False,False,False,False,True,False,False,True,False,False,True,False,False,10
2017.0,350000,80000.0,1,False,True,False,False,False,False,False,True,False,False,True,False,False,10
2017.0,635000,25000.0,1,False,False,False,False,True,False,True,False,False,True,False,False,False,10
2012.0,325000,40700.0,1,False,False,False,False,True,False,False,True,False,False,True,False,False,9
2017.0,1150000,65500.0,1,False,True,False,False,False,False,True,False,False,True,False,False,False,17
2008.0,110000,42000.0,1,False,False,False,False,True,False,False,True,False,True,False,False,False,25
2018.0,890000,8000.0,1,False,False,False,False,True,False,False,True,False,True,False,False,False,9
2007.0,73000,80000.0,2,False,False,False,False,True,False,False,True,False,False,True,False,False,18
2016.0,750000,6000.0,1,False,True,False,False,False,False,False,True,False,True,False,False,False,18
2018.0,690000,11174.0,1,False,False,False,False,True,False,False,True,False,True,False,False,False,18
2008.0,130000,120000.0,1,False,False,False,False,True,False,False,True,False,False,True,False,False,25
2007.0,85000,85000.0,2,False,False,False,False,True,False,False,True,False,False,True,False,False,10
2013.0,325000,105000.0,1,False,True,False,False,False,False,False,True,False,False,True,False,False,21
1998.0,85000,120000.0,2,False,False,False,False,True,False,False,True,False,False,True,False,False,9
2018.0,860000,30000.0,2,False,True,False,False,False,False,False,True,False,True,False,False,False,10
2017.0,690000,41000.0,1,False,True,False,False,False,False,False,True,False,False,True,False,False,18
2013.0,650000,54000.0,1,False,True,False,False,False,False,False,True,False,True,False,False,False,10
2014.0,375000,40000.0,1,False,True,False,False,False,False,False,True,False,False,True,False,False,3
2013.0,525000,71000.0,1,False,True,False,False,False,False,False,True,False,True,False,False,False,10
2016.0,330000,72500.0,1,False,False,False,False,True,False,False,True,False,True,False,False,False,18
2013.0,280000,76600.0,1,False,False,False,False,True,False,False,True,False,False,True,False,False,18
2014.0,470000,60000.0,1,False,False,False,False,True,False,False,True,False,False,True,False,False,18
2011.0,350000,110000.0,1,False,True,False,False,False,False,False,True,False,False,True,False,False,27
2012.0,480000,63000.0,1,False,False,False,False,True,False,False,True,False,True,False,False,False,9
2016.0,620000,60000.0,1,False,True,False,False,False,False,False,True,False,False,True,False,False,10
2014.0,250000,58000.0,1,False,False,False,False,True,False,False,True,False,False,True,False,False,5
2010.0,78692,80000.0,2,False,False,False,False,True,False,False,True,False,False,True,False,False,3
2012.0,350000,80000.0,1,False,True,False,False,False,False,False,True,False,False,True,False,False,10
2013.0,250000,70000.0,2,False,False,False,False,True,False,False,True,False,False,True,False,False,18
2011.0,260000,97700.0,4,False,False,False,False,True,False,False,True,False,False,True,False,False,10
2016.0,640000,36000.0,2,False,True,False,False,False,False,False,True,False,False,True,False,False,9
2008.0,220000,90000.0,2,False,True,False,False,False,False,False,True,False,False,True,False,False,25
2015.0,465000,130000.0,1,False,True,False,False,False,False,False,True,False,False,True,False,False,27
2010.0,229999,120000.0,2,False,True,False,False,False,False,False,True,False,False,True,False,False,18
2018.0,425000,15000.0,1,False,False,False,False,True,False,False,True,False,False,True,False,False,18
2008.0,95000,120000.0,3,False,False,False,False,True,False,False,True,False,False,True,False,False,25
2016.0,229999,37500.0,2,False,False,False,False,True,False,False,True,False,False,True,False,False,5
1999.0,45000,50000.0,3,False,False,False,False,True,False,False,True,False,False,True,False,False,18
2007.0,479000,145000.0,3,False,False,False,False,True,False,False,True,False,False,True,False,False,18
2016.0,340000,30000.0,1,False,False,False,False,True,False,False,True,False,False,True,False,False,10
2016.0,620000,35000.0,1,False,False,False,False,True,False,False,True,False,False,True,False,False,18
2012.0,270000,60000.0,1,False,True,False,False,False,False,False,True,False,False,True,False,False,25
2018.0,400000,35000.0,1,False,True,False,False,False,False,False,True,False,False,True,False,False,25
2015.0,260000,40000.0,1,False,False,False,False,True,False,False,True,False,False,True,False,False,18
2003.0,48000,50000.0,4,False,False,False,False,True,False,False,True,False,False,True,False,False,10
2015.0,100000,23800.0,2,False,False,False,False,True,False,False,True,False,False,True,False,False,25
2015.0,490000,70000.0,1,False,True,False,False,False,False,False,True,False,False,True,False,False,21
2010.0,120000,90000.0,2,False,False,False,True,False,False,False,True,False,False,True,False,False,18
2008.0,125000,102000.0,2,False,False,False,False,True,False,False,True,False,False,True,False,False,10
2013.0,160000,80000.0,1,False,False,False,False,True,False,False,True,False,False,True,False,False,10
2019.0,190000,5000.0,1,False,False,False,False,True,False,False,True,False,False,True,False,False,18
2008.0,400000,35000.0,2,False,False,False,False,True,False,False,True,False,False,True,False,False,26
2011.0,500000,20000.0,1,False,False,False,False,True,False,False,True,False,False,True,False,False,6
2008.0,320000,90000.0,1,False,False,False,False,True,False,False,True,False,False,True,False,False,9
2007.0,250000,47000.0,1,False,False,False,False,True,False,True,False,False,True,False,False,False,9
2010.0,105000,90000.0,3,False,True,False,False,False,False,False,True,False,False,True,False,False,8
2018.0,550000,20000.0,1,False,False,False,False,True,False,False,True,False,False,True,False,False,10
2019.0,600000,1100.0,1,False,False,False,False,True,False,True,False,False,False,True,False,False,10
2020.0,210000,40000.0,1,False,False,False,False,True,False,False,True,False,False,True,False,False,18
2012.0,210000,15000.0,1,False,False,False,False,True,False,False,True,False,False,True,False,False,18
2009.0,150000,40000.0,1,False,False,False,False,True,False,False,True,False,False,True,False,False,18
2008.0,125000,60000.0,1,False,False,False,False,True,False,False,True,False,False,True,False,False,10
2016.0,380000,20000.0,1,False,False,False,False,True,False,False,True,False,False,True,False,False,18
2019.0,600000,5000.0,1,False,False,False,False,True,False,False,True,False,False,True,False,False,18
2016.0,490000,27000.0,1,False,False,False,False,True,False,False,True,False,False,True,False,False,18
2018.0,545000,38000.0,2,False,True,False,False,False,False,False,True,False,False,True,False,False,18
2015.0,250000,25000.0,0,False,False,False,False,True,False,False,True,False,False,True,False,False,18
2020.0,1050000,1100.0,1,False,False,False,False,True,False,False,True,False,False,True,False,False,10
2007.0,100000,100000.0,1,False,False,False,False,True,False,False,True,False,False,True,False,False,18
2014.0,250000,100000.0,2,False,True,False,False,False,False,False,True,False,False,True,False,False,8
2007.0,100000,110000.0,1,False,False,False,False,True,False,False,True,False,False,True,False,False,18
2016.0,350000,60000.0,2,False,True,False,False,False,False,False,True,False,False,True,False,False,8
2012.0,370000,70000.0,2,False,True,False,False,False,False,False,True,False,False,True,False,False,23
2004.0,121000,110000.0,2,False,False,False,False,True,False,False,True,False,False,True,False,False,18
2017.0,570000,44077.0,1,False,False,False,False,True,False,True,False,False,True,False,False,False,8
2017.0,785000,24000.0,1,False,True,False,False,False,False,False,True,False,False,True,False,False,18
2018.0,850000,30000.0,1,False,True,False,False,False,False,False,True,False,False,True,False,False,18
2016.0,375000,30000.0,2,False,False,False,False,True,False,False,True,False,False,True,False,False,18
2017.0,619000,40000.0,1,False,False,False,False,True,False,False,True,False,False,True,False,False,18
2011.0,335000,90000.0,2,False,True,False,False,False,False,False,True,False,False,True,False,False,3
2006.0,500000,50000.0,1,False,True,False,False,False,False,False,True,False,False,True,False,False,26
2003.0,60000,100000.0,2,False,False,False,False,True,False,False,True,False,False,True,False,False,18
2013.0,270000,70000.0,2,False,True,False,False,False,False,False,True,False,False,True,False,False,25
2010.0,225000,100000.0,2,False,False,False,False,True,False,False,True,False,False,True,False,False,18
2011.0,150000,160000.0,2,False,False,False,False,True,False,False,True,False,False,True,False,False,18
2013.0,173000,70000.0,1,False,True,False,False,False,False,False,True,False,False,True,False,False,3
2017.0,710000,110000.0,1,False,True,False,False,False,False,True,False,False,False,True,False,False,27
2017.0,550000,20000.0,1,False,False,False,False,True,False,False,True,False,False,True,False,False,18
2008.0,58000,70000.0,2,False,False,False,False,True,False,False,True,False,False,True,False,False,18
2012.0,1200000,60000.0,3,False,False,False,False,True,False,True,False,False,False,True,False,False,1
2013.0,500000,150000.0,1,False,True,False,False,False,False,False,True,False,False,True,False,False,17
2009.0,120000,83000.0,2,False,False,False,False,True,False,False,True,False,False,True,False,False,18
2018.0,300000,30000.0,1,False,False,False,False,True,False,False,True,False,False,True,False,False,10
2015.0,295000,21000.0,1,False,False,False,False,True,False,False,True,False,False,True,False,False,5
2018.0,587000,80000.0,1,True,False,False,False,False,False,False,True,False,False,True,False,False,18
2012.0,430000,50000.0,2,False,False,False,False,True,False,False,True,False,False,True,False,False,0
2007.0,123000,50000.0,2,False,False,False,False,True,False,False,True,False,False,True,False,False,10
2012.0,450000,48500.0,2,False,True,False,False,False,False,True,False,False,False,True,False,False,24
2007.0,130000,60000.0,3,False,False,False,False,True,False,False,True,False,False,True,False,False,18
2010.0,110000,90000.0,2,False,True,False,False,False,False,False,True,False,False,True,False,False,25
2015.0,320000,70000.0,2,False,False,False,False,True,False,False,True,False,False,True,False,False,10
2014.0,300000,50000.0,1,False,True,False,False,False,False,False,True,False,False,True,False,False,18
2016.0,350000,110000.0,1,False,False,False,False,True,False,False,True,False,False,True,False,False,27
2018.0,800000,50000.0,1,False,False,False,False,True,False,False,True,False,False,True,False,False,18
2017.0,540000,60000.0,1,False,False,False,False,True,False,False,True,False,False,True,False,False,10
2011.0,160000,60000.0,2,True,False,False,False,False,False,False,True,False,False,True,False,False,18
2013.0,340000,100000.0,2,False,True,False,False,False,False,False,True,False,False,True,False,False,18
2017.0,350000,40000.0,2,False,False,False,False,True,False,False,True,False,False,True,False,False,18
2011.0,300000,100000.0,1,False,True,False,False,False,False,False,True,False,False,True,False,False,27
2013.0,330000,63000.0,1,False,True,False,False,False,False,False,True,False,False,True,False,False,18
2016.0,325000,80000.0,2,True,False,False,False,False,False,False,True,False,False,True,False,False,18
2013.0,250000,55000.0,1,False,True,False,False,False,False,False,True,False,False,True,False,False,18
2015.0,240000,60000.0,1,False,False,False,False,True,False,False,True,False,False,True,False,False,3
2020.0,545000,5000.0,1,False,False,False,False,True,False,False,True,False,False,True,False,False,10
2015.0,300000,48000.0,1,False,False,False,False,True,False,False,True,False,True,False,False,False,10
2014.0,240000,50000.0,1,False,False,False,False,True,False,False,True,False,False,True,False,False,23
2018.0,360000,15000.0,1,False,False,False,False,True,False,False,True,False,False,True,False,False,23
2012.0,250000,70000.0,1,False,True,False,False,False,False,False,True,False,False,True,False,False,10
2019.0,475000,105000.0,1,False,True,False,False,False,False,True,False,False,True,False,False,False,24
2016.0,600000,50000.0,2,False,True,False,False,False,False,False,True,False,False,True,False,False,10
2010.0,150000,80000.0,2,False,True,False,False,False,False,False,True,False,False,True,False,False,25
2017.0,700000,50000.0,1,False,True,False,False,False,False,False,True,False,False,True,False,False,8
2018.0,500000,10000.0,1,False,False,False,False,True,False,True,False,False,False,True,False,False,18
2012.0,193000,45000.0,2,False,False,False,False,True,False,False,True,False,False,True,False,False,10
2015.0,800000,10000.0,1,False,False,False,False,True,False,False,True,False,False,True,False,False,9
2008.0,150000,50000.0,1,False,False,False,False,True,False,False,True,False,False,True,False,False,18
2002.0,80000,40000.0,4,False,False,False,False,True,False,False,True,False,False,True,False,False,18
2010.0,130000,100000.0,3,False,True,False,False,False,False,False,True,False,False,True,False,False,8
2012.0,280000,80000.0,2,False,True,False,False,False,False,False,True,False,False,True,False,False,8
2011.0,229999,110000.0,2,False,True,False,False,False,False,False,True,False,False,True,False,False,17
2008.0,80000,120000.0,1,False,False,False,False,True,False,False,True,False,False,True,False,False,18
2010.0,70000,10000.0,1,False,False,False,False,True,False,False,True,False,False,True,False,False,25
2013.0,240000,60000.0,2,False,True,False,False,False,False,False,True,False,False,True,False,False,18
2010.0,380000,72000.0,2,False,True,False,False,False,False,False,True,False,False,True,False,False,17
2006.0,80000,110000.0,1,False,False,False,False,True,False,False,True,False,False,True,False,False,10
2013.0,265000,50000.0,1,False,False,False,False,True,False,False,True,False,False,True,False,False,10
2018.0,320000,25000.0,1,False,False,False,False,True,False,False,True,False,False,True,False,False,10
2014.0,500000,120000.0,3,False,True,False,False,False,False,False,True,False,False,True,False,False,21
2014.0,600000,80000.0,2,False,True,False,False,False,False,False,True,False,False,True,False,False,17
2018.0,420000,80000.0,1,False,False,False,False,True,False,False,True,False,False,True,False,False,25
2009.0,140000,120000.0,1,False,False,False,False,True,False,False,True,False,False,True,False,False,18
2010.0,300000,100000.0,2,False,True,False,False,False,False,False,True,False,False,True,False,False,24
2006.0,100000,60000.0,2,False,False,False,False,True,False,False,True,False,True,False,False,False,10
2017.0,350000,25000.0,1,False,False,False,False,True,False,False,True,False,True,False,False,False,18
2018.0,850000,19000.0,1,False,False,False,False,True,False,False,True,False,False,True,False,False,8
2008.0,140000,54000.0,1,False,False,False,False,True,False,False,True,False,True,False,False,False,18
2015.0,550000,17100.0,2,False,False,False,False,True,False,False,True,False,True,False,False,False,8
2017.0,525000,19000.0,1,False,False,False,False,True,False,True,False,False,True,False,False,False,10
2015.0,470000,146000.0,1,False,True,False,False,False,False,False,True,False,True,False,False,False,8
2013.0,900000,98000.0,1,False,True,False,False,False,False,True,False,False,True,False,False,False,8
1998.0,80000,120000.0,2,False,False,False,False,True,False,False,True,False,False,True,False,False,18
2017.0,800000,50000.0,1,False,True,False,False,False,False,False,True,False,False,True,False,False,23
2017.0,250000,15000.0,1,False,False,False,False,True,False,False,True,False,False,True,False,False,5
2018.0,700000,25000.0,0,False,False,False,False,True,False,True,False,False,False,True,False,False,18
2019.0,800000,25000.0,1,False,True,False,False,False,False,False,True,False,False,True,False,False,25
2013.0,660000,60000.0,1,False,True,False,False,False,False,False,True,False,False,True,False,False,17
2015.0,465000,60000.0,3,False,True,False,False,False,False,False,True,False,False,True,False,False,18
2017.0,600000,66000.0,3,False,True,False,False,False,False,False,True,False,False,True,False,False,18
2010.0,150000,110000.0,1,False,False,False,False,True,False,False,True,False,False,True,False,False,8
2014.0,450000,78000.0,2,False,True,False,False,False,False,False,True,False,False,True,False,False,10
2019.0,721000,10000.0,1,False,False,False,False,True,False,False,True,False,False,True,False,False,10
2016.0,300000,60000.0,1,False,False,False,False,True,False,False,True,False,False,True,False,False,23
1997.0,79000,70000.0,1,False,False,False,False,True,False,True,False,False,False,True,False,False,18
2017.0,545000,40000.0,1,False,True,False,False,False,False,False,True,False,False,True,False,False,8
2018.0,844999,20000.0,1,False,True,False,False,False,False,False,True,False,False,True,False,False,9
2016.0,700000,93000.0,1,False,True,False,False,False,False,False,True,False,False,True,False,False,24
2016.0,650000,159000.0,1,False,True,False,False,False,False,False,True,False,False,True,False,False,26
2014.0,525000,75000.0,2,False,True,False,False,False,False,False,True,False,False,True,False,False,8
2006.0,110000,101100.0,3,False,True,False,False,False,False,False,True,False,False,True,False,False,8
2011.0,180000,66000.0,1,False,True,False,False,False,False,False,True,False,False,True,False,False,25
2012.0,280000,30000.0,2,False,False,False,False,True,False,False,True,False,False,True,False,False,10
2019.0,400000,10000.0,1,False,False,False,False,True,False,False,True,False,False,True,False,False,23
2012.0,625000,126000.0,2,False,True,False,False,False,False,False,True,False,False,True,False,False,17
2015.0,535000,70000.0,1,False,True,False,False,False,False,False,True,False,False,True,False,False,27
2017.0,459999,50000.0,1,False,True,False,False,False,False,False,True,False,False,True,False,False,18
2010.0,300000,100000.0,1,False,True,False,False,False,False,False,True,False,False,True,False,False,17
2007.0,280000,60000.0,1,False,False,False,False,True,False,True,False,False,False,True,False,False,9
2014.0,500000,70000.0,1,False,False,False,False,True,False,False,True,False,False,True,False,False,9
2019.0,1200000,1200.0,1,False,False,False,False,True,False,False,True,False,False,True,False,False,10
2016.0,300000,40000.0,1,False,False,False,False,True,False,False,True,False,False,True,False,False,23
2011.0,180000,134444.0,2,False,False,False,False,True,False,True,False,False,False,True,False,False,10
2009.0,78000,120000.0,2,False,False,False,False,True,False,False,True,False,False,True,False,False,18
2011.0,160000,120000.0,1,False,True,False,False,False,False,False,True,False,False,True,False,False,21
2008.0,110000,100000.0,2,False,False,False,False,True,False,False,True,False,False,True,False,False,18
2011.0,450000,110000.0,2,False,True,False,False,False,False,False,True,False,False,True,False,False,17
2003.0,120000,165000.0,2,False,False,False,False,True,False,False,True,False,False,True,False,False,9
2018.0,1040000,42000.0,1,False,True,False,False,False,False,False,True,False,False,True,False,False,9
2014.0,390000,70000.0,2,False,True,False,False,False,False,False,True,False,False,True,False,False,10
2011.0,65000,60000.0,2,False,False,False,False,True,False,False,True,False,False,True,False,False,25
2013.0,320000,115000.0,3,False,True,False,False,False,False,False,True,False,False,True,False,False,27
2017.0,720000,70000.0,1,False,True,False,False,False,False,False,True,False,False,True,False,False,27
2007.0,220000,80000.0,2,False,False,False,False,True,False,False,True,False,False,True,False,False,18
2011.0,225000,65000.0,1,False,True,False,False,False,False,False,True,False,True,False,False,False,18
2010.0,200000,150000.0,2,False,True,False,False,False,False,False,True,False,False,True,False,False,25
2015.0,434999,75000.0,2,False,True,False,False,False,False,False,True,False,True,False,False,False,26
2012.0,300000,63700.0,1,False,True,False,False,False,False,False,True,False,False,True,False,False,8
2018.0,700000,74800.0,1,False,True,False,False,False,False,False,True,False,False,True,False,False,9
2009.0,500000,105000.0,0,False,True,False,False,False,False,False,True,False,False,True,False,False,8
2016.0,500000,40000.0,1,False,True,False,False,False,False,False,True,False,False,True,False,False,23
2016.0,400000,90000.0,2,False,True,False,False,False,False,False,True,False,False,True,False,False,18
2015.0,825000,75000.0,2,False,True,False,False,False,False,False,True,False,True,False,False,False,26
2018.0,720000,60000.0,1,False,True,False,False,False,False,False,True,False,False,True,False,False,18
2009.0,110000,30000.0,2,False,False,False,False,True,False,False,True,False,False,True,False,False,18
2014.0,600000,100000.0,2,False,True,False,False,False,False,False,True,False,False,True,False,False,17
2009.0,275000,155000.0,3,False,True,False,False,False,False,True,False,False,False,True,False,False,17
2017.0,740000,60000.0,1,False,True,False,False,False,False,False,True,False,False,True,False,False,10
2017.0,800000,90000.0,1,False,True,False,False,False,False,False,True,False,False,True,False,False,18
2019.0,1100000,100000.0,1,False,True,False,False,False,False,False,True,False,False,True,False,False,10
2012.0,750000,60000.0,2,False,True,False,False,False,False,True,False,False,False,True,False,False,2
2012.0,200000,90000.0,0,False,False,False,False,True,False,False,True,False,False,True,False,False,18
2009.0,210000,75000.0,1,False,True,False,False,False,False,False,True,False,False,True,False,False,25
2009.0,270000,120000.0,2,False,True,False,False,False,False,False,True,False,False,True,False,False,18
2016.0,630000,90000.0,2,False,True,False,False,False,False,False,True,False,False,True,False,False,26
2015.0,375000,55000.0,1,False,False,False,False,True,False,False,True,False,False,True,False,False,10
2010.0,300000,70000.0,1,False,True,False,False,False,False,False,True,False,False,True,False,False,17
2016.0,580000,95000.0,2,False,True,False,False,False,False,False,True,False,False,True,False,False,17
2016.0,750000,50000.0,1,False,True,False,False,False,False,False,True,False,False,True,False,False,18
2014.0,250000,60516.0,1,False,False,False,False,True,False,False,True,False,False,True,False,False,18
2007.0,900000,76731.0,1,False,True,False,False,False,False,True,False,False,True,False,False,False,19
2016.0,685000,64000.0,1,False,True,False,False,False,False,False,True,False,True,False,False,False,18
2014.0,540000,65000.0,1,False,True,False,False,False,False,False,True,False,True,False,False,False,18
2018.0,1165000,13000.0,5,False,False,False,False,True,False,True,False,False,True,False,False,False,9
2014.0,610000,77000.0,1,False,True,False,False,False,False,False,True,False,True,False,False,False,8
2011.0,254999,24000.0,1,False,False,False,False,True,False,False,True,False,True,False,False,False,10
2014.0,280000,63840.0,1,False,False,False,False,True,False,False,True,False,True,False,False,False,21
2017.0,370000,25000.0,1,False,False,False,False,True,False,False,True,False,False,True,False,False,25
2011.0,459999,76400.0,2,False,True,False,False,False,False,False,True,False,False,True,False,False,25
1998.0,42000,70000.0,3,False,False,False,False,True,False,False,True,False,False,True,False,False,18
2011.0,190000,80000.0,3,False,True,False,False,False,False,False,True,False,False,True,False,False,6
2010.0,165000,60000.0,4,False,False,False,False,True,False,False,True,False,False,True,False,False,6
2017.0,710000,40000.0,1,False,True,False,False,False,False,False,True,False,False,True,False,False,8
2018.0,1200000,15000.0,1,False,False,False,False,True,False,False,True,False,False,True,False,False,10
2011.0,229999,70000.0,1,False,False,False,False,True,False,False,True,False,False,True,False,False,18
2018.0,310000,15000.0,1,False,False,False,False,True,False,False,True,False,False,True,False,False,23
2015.0,320000,40000.0,1,False,False,False,False,True,False,False,True,False,False,True,False,False,18
2006.0,100000,54000.0,1,False,False,False,False,True,False,False,True,False,False,True,False,False,18
2009.0,160000,90000.0,1,False,True,False,False,False,False,False,True,False,False,True,False,False,10
2007.0,60000,52000.0,1,False,False,False,False,True,False,False,True,False,False,True,False,False,18
2016.0,350000,35000.0,2,False,True,False,False,False,False,False,True,False,False,True,False,False,3
2017.0,300000,31489.0,1,False,False,False,False,True,False,False,True,False,False,True,False,False,18
2018.0,830000,40000.0,1,False,True,False,False,False,False,False,True,False,False,True,False,False,10
2010.0,229999,70000.0,1,False,False,False,False,True,False,False,True,False,False,True,False,False,10
2013.0,400000,100000.0,1,False,True,False,False,False,False,False,True,False,False,True,False,False,10
2005.0,300000,70000.0,2,False,False,False,False,True,False,False,True,False,False,True,False,False,18
2013.0,300000,50000.0,1,False,True,False,False,False,False,False,True,False,False,True,False,False,8
2008.0,80000,50000.0,2,False,False,False,False,True,False,False,True,False,False,True,False,False,18
2012.0,300000,110000.0,1,False,True,False,False,False,False,False,True,False,False,True,False,False,25
2018.0,700000,26000.0,1,False,False,False,False,True,False,True,False,False,False,True,False,False,18
2016.0,975000,65000.0,1,False,True,False,False,False,False,False,True,False,False,True,False,False,18
2009.0,500000,130000.0,1,False,True,False,False,False,False,False,True,False,False,True,False,False,3
2013.0,550000,75000.0,2,False,True,False,False,False,False,False,True,False,False,True,False,False,23
2014.0,550000,110000.0,2,False,True,False,False,False,False,False,True,False,False,True,False,False,21
2014.0,240000,50000.0,1,False,False,False,False,True,False,False,True,False,False,True,False,False,18
1997.0,50000,80000.0,2,False,False,False,False,True,False,False,True,False,False,True,False,False,18
2009.0,120000,80000.0,2,False,False,False,False,True,False,False,True,False,False,True,False,False,25
2013.0,900000,60000.0,2,False,False,False,False,True,False,False,True,False,False,True,False,False,18
2009.0,250000,60000.0,2,False,False,False,False,True,False,False,True,False,False,True,False,False,9
2017.0,280000,36000.0,1,False,False,False,False,True,False,False,True,False,False,True,False,False,23
2010.0,85000,87000.0,1,False,True,False,False,False,False,False,True,False,False,True,False,False,25
2011.0,90000,80000.0,1,False,True,False,False,False,False,False,True,False,False,True,False,False,25
2015.0,500000,50000.0,1,False,True,False,False,False,False,False,True,False,False,True,False,False,3
2013.0,200000,60000.0,1,False,False,False,False,True,False,False,True,False,False,True,False,False,18
2015.0,250000,50000.0,1,False,False,False,False,True,False,False,True,False,False,True,False,False,23
2014.0,185000,40000.0,3,False,True,False,False,False,False,False,True,False,False,True,False,False,18
2008.0,100000,60000.0,2,False,False,False,False,True,False,False,True,False,False,True,False,False,10
2015.0,610000,55000.0,1,False,True,False,False,False,False,False,True,False,False,True,False,False,26
2012.0,290000,80000.0,1,False,True,False,False,False,False,False,True,False,False,True,False,False,17
2015.0,225000,80000.0,1,False,False,False,False,True,False,False,True,False,False,True,False,False,10
2017.0,320000,50000.0,2,False,False,False,False,True,False,False,True,False,False,True,False,False,18
2012.0,135000,158000.0,3,False,True,False,False,False,False,False,True,False,False,True,False,False,25
2018.0,360000,4000.0,1,False,False,False,False,True,False,False,True,False,False,True,False,False,25
2016.0,600000,19495.0,1,False,False,False,False,True,False,False,True,False,True,False,False,False,21
2013.0,570000,62668.0,1,False,True,False,False,False,False,False,True,False,True,False,False,False,23
2013.0,850000,85710.0,1,False,True,False,False,False,False,False,True,False,True,False,False,False,17
2011.0,250000,55130.0,2,False,True,False,False,False,False,False,True,False,True,False,False,False,8
2014.0,580000,63356.0,2,False,True,False,False,False,False,False,True,False,True,False,False,False,8
2010.0,180000,15000.0,1,False,False,False,False,True,False,False,True,False,False,True,False,False,3
2017.0,300000,50000.0,1,False,False,False,False,True,False,False,True,False,False,True,False,False,25
2012.0,269000,70000.0,2,False,False,False,False,True,False,False,True,False,False,True,False,False,26
2014.0,231999,20000.0,1,False,False,False,False,True,False,False,True,False,False,True,False,False,18
2011.0,150000,60000.0,3,False,False,False,False,True,False,False,True,False,False,True,False,False,3
2017.0,495000,5000.0,1,False,False,False,False,True,False,False,True,False,False,True,False,False,10
2014.0,700000,15000.0,1,False,False,False,False,True,False,False,True,False,False,True,False,False,18
2018.0,400000,4400.0,2,False,False,False,False,True,False,False,True,False,False,True,False,False,5
2019.0,599000,15000.0,3,False,True,False,False,False,False,False,True,False,False,True,False,False,17
2013.0,421000,45000.0,1,False,True,False,False,False,False,False,True,False,False,True,False,False,23
2018.0,841000,1000.0,1,False,True,False,False,False,False,False,True,False,False,True,False,False,8
2014.0,295000,38500.0,1,False,False,False,False,True,False,False,True,False,False,True,False,False,10
2011.0,220000,25000.0,1,False,False,False,False,True,False,False,True,False,False,True,False,False,10
2013.0,250000,35000.0,1,False,True,False,False,False,False,False,True,False,False,True,False,False,8
2009.0,1100000,110000.0,2,False,True,False,False,False,False,False,True,False,False,True,False,False,26
2012.0,300000,40000.0,1,False,False,False,False,True,False,False,True,False,False,True,False,False,10
2007.0,80000,110000.0,2,False,False,False,False,True,False,False,True,False,False,True,False,False,3
2013.0,215000,20000.0,3,False,True,False,False,False,False,False,True,False,False,True,False,False,3
2012.0,245000,14987.0,1,False,False,False,False,True,False,False,True,False,True,False,False,False,10
2016.0,650000,25061.0,1,False,True,False,False,False,False,False,True,False,True,False,False,False,8
2017.0,760000,42494.0,1,False,True,False,False,False,False,False,True,False,True,False,False,False,8
2014.0,395000,44875.0,1,False,True,False,False,False,False,False,True,False,True,False,False,False,9
2014.0,280000,89741.0,2,False,True,False,False,False,False,False,True,False,True,False,False,False,8
2016.0,495000,65000.0,1,False,True,False,False,False,False,False,True,False,True,False,False,False,9
2016.0,525000,35000.0,1,False,True,False,False,False,False,False,True,False,True,False,False,False,9
2010.0,210000,34500.0,1,False,True,False,False,False,False,False,True,False,False,True,False,False,25
2018.0,650000,30000.0,1,False,False,False,False,True,False,False,True,False,False,True,False,False,10
2019.0,525000,16000.0,1,False,True,False,False,False,False,False,True,False,False,True,False,False,8
2010.0,195000,80000.0,2,True,False,False,False,False,False,False,True,False,False,True,False,False,18
2016.0,650000,60000.0,1,False,True,False,False,False,False,False,True,False,False,True,False,False,18
2015.0,540000,110000.0,1,False,True,False,False,False,False,False,True,False,False,True,False,False,17
2014.0,180000,61000.0,1,False,False,False,False,True,False,False,True,False,False,True,False,False,18
2017.0,750000,60000.0,1,False,True,False,False,False,False,False,True,False,False,True,False,False,17
2018.0,980000,50000.0,1,False,True,False,False,False,False,False,True,False,False,True,False,False,18
2014.0,250000,90000.0,1,False,True,False,False,False,False,False,True,False,False,True,False,False,6
2018.0,550000,35000.0,1,False,False,False,False,True,False,True,False,False,False,True,False,False,10
2015.0,509999,43000.0,2,False,False,False,False,True,False,False,True,False,False,True,False,False,27
2017.0,320000,50000.0,1,False,False,False,False,True,False,False,True,False,False,True,False,False,18
2016.0,275000,25000.0,1,False,False,False,False,True,False,False,True,False,False,True,False,False,10
2009.0,145000,50000.0,2,False,False,False,False,True,False,False,True,False,False,True,False,False,18
2013.0,250000,80000.0,1,False,True,False,False,False,False,False,True,False,False,True,False,False,6
2012.0,520000,35000.0,1,False,True,False,False,False,False,False,True,False,False,True,False,False,10
2011.0,725000,110000.0,3,False,True,False,False,False,False,False,True,False,False,True,False,False,26
2006.0,55000,70000.0,2,False,False,False,False,True,False,False,True,False,False,True,False,False,18
2014.0,600000,100000.0,1,False,True,False,False,False,False,False,True,False,False,True,False,False,9
2013.0,330000,120000.0,2,False,True,False,False,False,False,False,True,False,False,True,False,False,27
2015.0,470000,89000.0,1,False,True,False,False,False,False,False,True,False,False,True,False,False,18
2013.0,365000,120000.0,1,False,True,False,False,False,False,False,True,False,False,True,False,False,18
2013.0,250000,40000.0,2,False,False,False,False,True,False,False,True,False,False,True,False,False,10
2017.0,430000,17000.0,1,False,False,False,False,True,False,False,True,False,False,True,False,False,18
2013.0,400000,125000.0,2,False,True,False,False,False,False,False,True,False,False,True,False,False,18
2015.0,615000,110000.0,2,False,False,False,False,True,False,False,True,False,False,True,False,False,18
2011.0,150000,120000.0,2,False,True,False,False,False,False,False,True,False,False,True,False,False,8
2014.0,240000,90000.0,1,False,True,False,False,False,False,False,True,False,False,True,False,False,8
2014.0,800000,90000.0,1,False,True,False,False,False,False,False,True,False,False,True,False,False,17
2015.0,240000,110000.0,1,False,False,False,True,False,False,False,True,False,False,True,False,False,10
2014.0,600000,87000.0,2,False,True,False,False,False,False,False,True,False,False,True,False,False,8
2014.0,800000,15000.0,1,False,True,False,False,False,False,False,True,False,False,True,False,False,17
2012.0,350000,38000.0,1,False,False,False,False,True,False,False,True,False,False,True,False,False,8
2011.0,300000,64000.0,2,False,False,False,False,True,False,False,True,False,False,True,False,False,9
2015.0,399000,60000.0,1,False,True,False,False,False,False,False,True,False,False,True,False,False,25
2011.0,300000,110000.0,1,False,True,False,False,False,False,False,True,False,False,True,False,False,17
2012.0,150000,70000.0,1,False,False,False,False,True,False,True,False,False,False,True,False,False,18
2010.0,320000,60000.0,3,False,True,False,False,False,False,False,True,False,False,True,False,False,3
2017.0,300000,13000.0,2,False,False,False,False,True,False,False,True,False,False,True,False,False,23
2016.0,1000000,60000.0,1,False,True,False,False,False,False,False,True,False,False,True,False,False,21
2012.0,1090000,120000.0,2,False,True,False,False,False,False,False,True,False,False,True,False,False,20
2012.0,450000,97000.0,0,False,True,False,False,False,False,False,True,False,False,True,False,False,25
2007.0,60000,130000.0,2,False,False,False,False,True,False,False,True,False,False,True,False,False,25
2013.0,500000,50000.0,1,False,False,False,False,True,False,False,True,False,False,True,False,False,18
2012.0,200000,120000.0,2,False,True,False,False,False,False,False,True,False,False,True,False,False,25
2006.0,60000,100000.0,2,False,False,False,False,True,False,False,True,False,False,True,False,False,18
2012.0,185000,67000.0,2,True,False,False,False,False,False,False,True,False,True,False,False,False,10
2015.0,155000,60000.0,1,False,False,False,False,True,False,False,True,False,False,True,False,False,18
2016.0,300000,20000.0,1,False,False,False,False,True,False,False,True,False,False,True,False,False,23
2018.0,850000,12500.0,1,False,False,False,False,True,False,False,True,False,False,True,False,False,10
2019.0,470000,4000.0,1,True,False,False,False,False,False,False,True,False,False,True,False,False,18
2019.0,600000,25000.0,1,False,False,False,False,True,False,False,True,False,False,True,False,False,8
2013.0,700000,60000.0,2,False,True,False,False,False,False,False,True,False,False,True,False,False,26
2007.0,70000,162000.0,1,False,False,False,True,False,False,False,True,False,False,True,False,False,18
2008.0,650000,70000.0,3,False,False,False,False,True,False,True,False,False,False,True,False,False,1
2018.0,450000,70000.0,2,False,True,False,False,False,False,False,True,False,False,True,False,False,10
2014.0,750000,100000.0,2,False,True,False,False,False,False,False,True,False,False,True,False,False,17
2013.0,775000,70000.0,2,False,True,False,False,False,False,False,True,False,False,True,False,False,26
2015.0,360000,80000.0,2,False,False,False,False,True,False,False,True,False,False,True,False,False,9
2010.0,250000,120000.0,1,False,True,False,False,False,False,False,True,False,False,True,False,False,26
2013.0,600000,80000.0,1,False,True,False,False,False,False,False,True,False,False,True,False,False,21
2010.0,120000,90000.0,1,False,False,False,False,True,False,False,True,False,False,True,False,False,18
2012.0,320000,140000.0,2,False,True,False,False,False,False,False,True,False,False,True,False,False,25
2011.0,400000,120000.0,2,False,True,False,False,False,False,False,True,False,False,True,False,False,17
2015.0,302000,60000.0,1,False,True,False,False,False,False,False,True,False,False,True,False,False,18
2014.0,150000,60000.0,2,False,False,False,False,True,False,False,True,False,False,True,False,False,18
2012.0,200000,90000.0,2,False,True,False,False,False,False,False,True,False,False,True,False,False,25
2017.0,620000,65000.0,1,False,False,False,False,True,False,False,True,False,False,True,False,False,10
2012.0,449000,90000.0,1,False,True,False,False,False,False,False,True,False,False,True,False,False,26
2007.0,100000,70000.0,1,False,False,False,False,True,False,False,True,False,False,True,False,False,18
2018.0,600000,2500.0,1,False,False,False,False,True,False,False,True,False,False,True,False,False,10
2012.0,250000,40000.0,1,False,True,False,False,False,False,False,True,False,False,True,False,False,3
2018.0,550000,63000.0,1,False,False,False,False,True,False,False,True,False,False,True,False,False,18
2013.0,675000,60000.0,1,False,True,False,False,False,False,True,False,False,True,False,False,False,24
2015.0,530000,60000.0,1,False,True,False,False,False,False,False,True,False,True,False,False,False,21
2014.0,360000,70000.0,1,False,True,False,False,False,False,False,True,False,False,True,False,False,24
2012.0,650000,60000.0,1,False,False,False,False,True,False,True,False,False,True,False,False,False,24
2012.0,199000,92000.0,3,False,True,False,False,False,False,False,True,False,True,False,False,False,8
2014.0,285000,89126.0,0,False,True,False,False,False,False,False,True,False,False,True,False,False,17
2009.0,260000,134000.0,1,False,True,False,False,False,False,True,False,False,False,True,False,False,27
2019.0,869999,15000.0,1,False,False,False,False,True,False,True,False,False,True,False,False,False,18
2016.0,425000,42500.0,1,False,True,False,False,False,False,False,True,False,True,False,False,False,10
2012.0,490000,42000.0,1,False,True,False,False,False,False,True,False,False,True,False,False,False,3
2015.0,750000,60000.0,2,False,True,False,False,False,False,True,False,False,False,True,False,False,17
2004.0,125000,110000.0,3,False,False,False,False,True,False,False,True,False,False,True,False,False,9
2014.0,221000,131365.0,1,False,True,False,False,False,False,False,True,False,False,True,False,False,6
2016.0,724000,48980.0,1,False,True,False,False,False,False,True,False,False,True,False,False,False,27
2014.0,440000,46000.0,1,False,False,False,False,True,False,True,False,False,True,False,False,False,9
2009.0,70000,60000.0,3,False,False,False,False,True,False,False,True,False,False,True,False,False,3
2015.0,511000,60000.0,1,False,True,False,False,False,False,False,True,False,True,False,False,False,18
2016.0,790000,22000.0,1,False,True,False,False,False,False,False,True,False,True,False,False,False,18
2017.0,640000,60000.0,1,False,False,False,False,True,False,False,True,False,False,True,False,False,10
2009.0,120000,70000.0,4,False,False,False,False,True,False,False,True,False,False,True,False,False,10
2012.0,126000,98900.0,3,False,True,False,False,False,False,False,True,False,False,True,False,False,3
2012.0,120000,125000.0,1,False,True,False,False,False,False,False,True,False,False,True,False,False,3
2017.0,650000,60000.0,1,False,True,False,False,False,False,False,True,False,False,True,False,False,17
2014.0,450000,80000.0,2,False,False,False,False,True,False,False,True,False,False,True,False,False,10
2010.0,110000,80000.0,4,True,False,False,False,False,False,False,True,False,False,True,False,False,18
2017.0,600000,60000.0,1,False,True,False,False,False,False,False,True,False,False,True,False,False,17
2012.0,620000,80000.0,2,False,True,False,False,False,False,False,True,False,False,True,False,False,17
2014.0,600000,30000.0,1,False,True,False,False,False,False,False,True,False,False,True,False,False,8
2018.0,795000,35000.0,1,False,True,False,False,False,False,False,True,False,False,True,False,False,17
2015.0,495000,60000.0,1,False,True,False,False,False,False,False,True,False,False,True,False,False,23
2014.0,350000,145000.0,1,False,True,False,False,False,False,False,True,False,False,True,False,False,17
2018.0,300000,60000.0,1,False,False,False,False,True,False,True,False,False,False,True,False,False,5
2018.0,500000,70000.0,1,False,True,False,False,False,False,False,True,False,False,True,False,False,21
2014.0,345000,58000.0,1,False,False,False,False,True,False,False,True,False,True,False,False,False,9
2013.0,220000,100000.0,1,False,True,False,False,False,False,False,True,False,False,True,False,False,25
1999.0,50000,100000.0,2,False,False,False,False,True,False,False,True,False,False,True,False,False,18
2017.0,585000,14000.0,1,False,False,False,False,True,False,False,True,False,True,False,False,False,9
2018.0,625000,13800.0,1,False,False,False,False,True,False,True,False,False,False,True,False,False,18
2017.0,1035000,23000.0,1,False,False,False,False,True,False,True,False,False,True,False,False,False,10
2017.0,600000,99700.0,1,False,True,False,False,False,False,False,True,False,False,True,False,False,17
2014.0,650000,49654.0,1,False,True,False,False,False,False,False,True,False,True,False,False,False,9
2016.0,550000,45457.0,1,False,False,False,False,True,False,False,True,False,True,False,False,False,10
2016.0,660000,48220.0,1,False,False,False,False,True,False,False,True,False,True,False,False,False,10
2017.0,700000,11114.0,1,False,False,False,False,True,False,False,True,False,True,False,False,False,10
2008.0,235000,60000.0,1,False,True,False,False,False,False,False,True,False,True,False,False,False,10
2013.0,475000,80000.0,1,False,True,False,False,False,False,False,True,False,True,False,False,False,27
2008.0,795000,98600.0,1,False,True,False,False,False,False,True,False,False,True,False,False,False,19
2015.0,850000,58000.0,0,False,False,False,False,True,False,True,False,False,True,False,False,False,9
2017.0,585000,85441.0,1,False,True,False,False,False,False,False,True,False,True,False,False,False,17
2015.0,380000,64541.0,1,False,True,False,False,False,False,False,True,False,True,False,False,False,17
2019.0,650000,35000.0,1,False,True,False,False,False,False,False,True,False,False,True,False,False,18
2018.0,600000,30000.0,1,False,False,False,False,True,False,False,True,False,False,True,False,False,18
2017.0,434999,16267.0,1,False,False,False,False,True,False,False,True,False,True,False,False,False,21
2013.0,525000,71500.0,1,False,True,False,False,False,False,False,True,False,True,False,False,False,27
2008.0,160000,80000.0,1,False,False,False,False,True,False,False,True,False,False,True,False,False,3
2007.0,160000,90000.0,2,False,False,False,False,True,False,False,True,False,False,True,False,False,18
2017.0,900000,14700.0,1,False,False,False,False,True,False,False,True,False,False,True,False,False,10
2000.0,61000,90000.0,2,False,False,False,False,True,False,False,True,False,False,True,False,False,18
2017.0,400000,50000.0,1,False,False,False,False,True,False,False,True,False,False,True,False,False,18
2009.0,150000,100000.0,2,False,False,False,False,True,False,False,True,False,False,True,False,False,10
2019.0,950000,24000.0,1,False,False,False,False,True,False,True,False,False,False,True,False,False,27
2007.0,110000,90000.0,0,False,False,False,False,True,False,False,True,False,False,True,False,False,10
2015.0,375000,30000.0,1,False,False,False,False,True,False,False,True,False,False,True,False,False,25
2017.0,350000,80000.0,1,False,False,False,False,True,False,False,True,False,False,True,False,False,5
2012.0,310000,92686.0,2,False,True,False,False,False,False,False,True,False,True,False,False,False,10
2011.0,350000,90000.0,2,False,False,False,False,True,False,False,True,False,False,True,False,False,27
2003.0,100000,60000.0,1,False,False,False,False,True,False,False,True,False,False,True,False,False,10
2013.0,225000,80000.0,0,False,True,False,False,False,False,False,True,False,False,True,False,False,3
2014.0,280000,55000.0,1,False,False,False,False,True,False,False,True,False,False,True,False,False,10
2018.0,360000,6000.0,1,False,False,False,False,True,False,False,True,False,False,True,False,False,10
2011.0,150000,40000.0,2,False,False,False,False,True,False,False,True,False,False,True,False,False,18
2017.0,900000,15000.0,1,False,False,False,False,True,False,True,False,False,False,True,False,False,24
2005.0,120000,50000.0,2,False,True,False,False,False,False,False,True,False,False,True,False,False,0
2010.0,215000,90000.0,2,False,False,False,False,True,False,False,True,False,False,True,False,False,6
2013.0,550000,38500.0,1,False,True,False,False,False,False,False,True,False,False,True,False,False,23
2018.0,775000,35000.0,1,False,False,False,False,True,False,False,True,False,False,True,False,False,25
2001.0,409999,49359.0,3,False,False,False,False,True,False,False,True,False,False,True,False,False,18
2005.0,65000,70000.0,2,False,False,False,False,True,False,False,True,False,False,True,False,False,18
2008.0,200000,90000.0,2,False,False,False,False,True,False,False,True,False,False,True,False,False,18
2010.0,240000,50000.0,2,False,False,False,False,True,False,False,True,False,False,True,False,False,18
2012.0,800000,108731.0,1,False,True,False,False,False,False,False,True,False,False,True,False,False,26
2010.0,400000,120000.0,0,False,True,False,False,False,False,False,True,False,False,True,False,False,26
2016.0,500000,60000.0,1,False,True,False,False,False,False,False,True,False,False,True,False,False,25
2007.0,150000,90000.0,3,False,True,False,False,False,False,False,True,False,False,True,False,False,17
2014.0,500000,140000.0,2,False,True,False,False,False,False,False,True,False,False,True,False,False,26
2014.0,320000,80000.0,1,False,False,False,False,True,False,False,True,False,False,True,False,False,10
2013.0,300000,90000.0,1,False,True,False,False,False,False,False,True,False,False,True,False,False,21
2018.0,285000,14000.0,0,False,False,False,False,True,False,False,True,False,False,True,False,False,18
2012.0,360000,70000.0,2,False,True,False,False,False,False,False,True,False,False,True,False,False,25
2009.0,450000,55000.0,2,False,False,False,False,True,False,False,True,False,False,True,False,False,9
2011.0,175000,60000.0,3,False,False,False,False,True,False,False,True,False,False,True,False,False,18
2011.0,350000,74000.0,2,False,True,False,False,False,False,False,True,False,False,True,False,False,3
2020.0,530000,45000.0,1,False,True,False,False,False,False,False,True,False,True,False,False,False,8
2017.0,1025000,38000.0,1,False,True,False,False,False,False,False,True,False,True,False,False,False,9
2017.0,950000,24000.0,1,False,True,False,False,False,False,False,True,False,True,False,False,False,9
2017.0,725000,29976.0,1,False,False,False,False,True,False,False,True,False,True,False,False,False,9
2017.0,919999,41000.0,1,False,False,False,False,True,False,False,True,False,True,False,False,False,9
2018.0,700000,15000.0,0,False,True,False,False,False,False,False,True,False,True,False,False,False,9
2017.0,725000,36000.0,1,False,True,False,False,False,False,False,True,False,True,False,False,False,9
2017.0,840000,30646.0,1,False,False,False,False,True,False,False,True,False,True,False,False,False,9
2015.0,365000,23600.0,1,False,False,False,False,True,False,False,True,False,True,False,False,False,18
2014.0,665000,71318.0,1,False,True,False,False,False,False,False,True,False,True,False,False,False,9
2003.0,50000,78098.0,1,False,False,False,False,True,False,False,True,False,False,True,False,False,18
2014.0,225000,30000.0,1,False,True,False,False,False,False,False,True,False,False,True,False,False,10
2012.0,229999,45000.0,2,False,False,False,False,True,False,False,True,False,False,True,False,False,10
2008.0,145000,67000.0,1,False,False,False,False,True,False,False,True,False,False,True,False,False,10
2018.0,624000,60000.0,1,False,True,False,False,False,False,False,True,False,True,False,False,False,8
2017.0,750000,18054.0,1,False,False,False,False,True,False,False,True,False,True,False,False,False,8
2015.0,785000,40000.0,1,False,True,False,False,False,False,False,True,False,False,True,False,False,9
2011.0,225000,30000.0,1,False,False,False,False,True,False,False,True,False,False,True,False,False,10
2017.0,300000,80000.0,1,False,True,False,False,False,False,False,True,False,False,True,False,False,10
2016.0,680000,20000.0,1,False,True,False,False,False,False,False,True,False,False,True,False,False,10
2016.0,700000,40000.0,1,False,True,False,False,False,False,False,True,False,False,True,False,False,17
2011.0,180000,120000.0,1,False,True,False,False,False,False,False,True,False,False,True,False,False,25
2008.0,270000,120000.0,2,False,True,False,False,False,False,False,True,False,False,True,False,False,8
2010.0,370000,97000.0,2,False,False,False,False,True,False,False,True,False,False,True,False,False,18
2018.0,1100000,70000.0,1,False,True,False,False,False,False,False,True,False,False,True,False,False,17
2004.0,120000,120000.0,2,False,True,False,False,False,False,False,True,False,False,True,False,False,10
2013.0,430000,88000.0,2,False,True,False,False,False,False,False,True,False,False,True,False,False,24
2014.0,550000,38406.0,1,False,True,False,False,False,False,False,True,False,True,False,False,False,18
2014.0,320000,54350.0,1,False,False,False,False,True,False,False,True,False,True,False,False,False,10
2015.0,390000,32260.0,1,False,False,False,False,True,False,False,True,False,True,False,False,False,18
2014.0,550000,58231.0,1,False,True,False,False,False,False,False,True,False,True,False,False,False,23
2012.0,370000,59858.0,1,False,False,False,False,True,False,False,True,False,True,False,False,False,18
2010.0,190000,73350.0,1,False,False,False,False,True,False,False,True,False,True,False,False,False,18
2013.0,509999,60000.0,1,False,True,False,False,False,False,False,True,False,True,False,False,False,23
2013.0,450000,96987.0,1,False,False,False,False,True,False,False,True,False,True,False,False,False,9
2015.0,550000,61187.0,1,False,True,False,False,False,False,False,True,False,True,False,False,False,18
2009.0,400000,68350.0,1,False,True,False,False,False,False,False,True,False,True,False,False,False,17
2015.0,585000,81150.0,1,False,True,False,False,False,False,False,True,False,True,False,False,False,8
2019.0,500000,60000.0,1,False,False,False,False,True,False,False,True,False,False,True,False,False,10
2015.0,800000,30000.0,1,False,False,False,False,True,False,False,True,False,False,True,False,False,18
2009.0,265000,120000.0,2,False,True,False,False,False,False,False,True,False,False,True,False,False,18
2007.0,125000,50000.0,2,False,False,False,False,True,False,False,True,False,False,True,False,False,6
2010.0,165000,60000.0,1,False,True,False,False,False,False,False,True,False,False,True,False,False,25
2015.0,1025000,90000.0,2,False,True,False,False,False,False,False,True,False,False,True,False,False,10
2012.0,380000,90000.0,4,False,True,False,False,False,False,False,True,False,False,True,False,False,3
2010.0,250000,110000.0,3,False,True,False,False,False,False,False,True,False,False,True,False,False,18
2000.0,85000,80000.0,2,False,False,False,False,True,False,False,True,False,False,True,False,False,18
2016.0,500000,35000.0,1,False,True,False,False,False,False,False,True,False,False,True,False,False,6
2018.0,350000,15000.0,1,False,False,False,False,True,False,False,True,False,False,True,False,False,10
2010.0,190000,52000.0,2,False,False,False,False,True,False,False,True,False,False,True,False,False,18
2009.0,940000,140000.0,1,False,True,False,False,False,False,False,True,False,False,True,False,False,27
2013.0,475000,60000.0,2,False,False,False,False,True,False,False,True,False,False,True,False,False,18
2018.0,300000,17000.0,1,False,False,False,False,True,False,False,True,False,False,True,False,False,18
2016.0,250000,70000.0,3,False,False,False,False,True,False,False,True,False,False,True,False,False,3
2001.0,93000,97000.0,4,False,False,False,False,True,False,False,True,False,False,True,False,False,18
2012.0,290000,125000.0,2,False,True,False,False,False,False,False,True,False,False,True,False,False,8
2015.0,1000000,120000.0,2,False,True,False,False,False,False,False,True,False,False,True,False,False,17
2015.0,550000,87000.0,1,False,True,False,False,False,False,False,True,False,False,True,False,False,10
2010.0,285000,75000.0,3,False,True,False,False,False,False,False,True,False,False,True,False,False,6
2016.0,650000,60000.0,1,False,False,False,False,True,False,False,True,False,False,True,False,False,10
2015.0,260000,60000.0,1,False,False,False,False,True,False,False,True,False,False,True,False,False,3
2007.0,550000,60000.0,2,False,True,False,False,False,False,False,True,False,False,True,False,False,25
2010.0,215000,60000.0,2,False,False,False,False,True,False,False,True,False,False,True,False,False,6
2010.0,400000,120000.0,1,False,True,False,False,False,False,False,True,False,False,True,False,False,26
2012.0,229999,40000.0,2,False,False,False,False,True,False,False,True,False,False,True,False,False,18
2014.0,580000,120000.0,1,False,True,False,False,False,False,False,True,False,False,True,False,False,8
2005.0,175000,100000.0,4,False,False,False,False,True,False,False,True,False,False,True,False,False,26
2012.0,250000,110000.0,4,False,True,False,False,False,False,False,True,False,False,True,False,False,18
2014.0,320000,60000.0,1,False,False,False,False,True,False,False,True,False,False,True,False,False,10
2006.0,70000,105700.0,1,False,False,False,False,True,False,False,True,False,False,True,False,False,18
2017.0,430999,14000.0,1,False,False,False,False,True,False,False,True,False,True,False,False,False,18
2010.0,80000,70000.0,1,False,False,False,False,True,False,False,True,False,False,True,False,False,3
2019.0,335000,28000.0,1,False,False,False,False,True,False,False,True,False,True,False,False,False,18
2017.0,350000,51000.0,1,False,False,False,False,True,False,False,True,False,True,False,False,False,18
2018.0,315000,56000.0,1,False,False,False,False,True,False,False,True,False,True,False,False,False,18
2019.0,1100000,35000.0,1,False,True,False,False,False,False,True,False,False,False,True,False,False,27
2005.0,80000,24000.0,1,False,False,False,False,True,False,False,True,False,False,True,False,False,18
2014.0,285000,64000.0,2,False,False,False,False,True,False,False,True,False,True,False,False,False,18
2009.0,100000,120000.0,3,False,True,False,False,False,False,False,True,False,False,True,False,False,25
2011.0,225000,37091.0,1,False,False,False,False,True,False,False,True,False,False,True,False,False,18
2018.0,320000,38900.0,3,False,False,False,False,True,False,False,True,False,False,True,False,False,18
2008.0,120000,110000.0,3,False,False,False,False,True,False,False,True,False,False,True,False,False,18
2011.0,200000,100000.0,2,False,True,False,False,False,False,False,True,False,False,True,False,False,27
2016.0,1151000,85000.0,1,False,True,False,False,False,False,False,True,False,False,True,False,False,10
2012.0,120000,140000.0,1,False,True,False,False,False,False,False,True,False,False,True,False,False,25
2017.0,220000,20000.0,1,False,False,False,False,True,False,False,True,False,False,True,False,False,23
2018.0,784000,40000.0,1,False,True,False,False,False,False,False,True,False,False,True,False,False,17
2017.0,500000,50000.0,1,False,False,False,False,True,False,False,True,False,False,True,False,False,9
2018.0,350000,20000.0,1,False,True,False,False,False,False,False,True,False,False,True,False,False,10
2019.0,525000,9400.0,1,False,False,False,False,True,False,False,True,False,False,True,False,False,10
2017.0,930000,12000.0,1,False,True,False,False,False,False,False,True,False,False,True,False,False,8
2017.0,440000,14100.0,1,True,False,False,False,False,False,False,True,False,True,False,False,False,18
2016.0,434999,21000.0,1,False,False,False,False,True,False,False,True,False,True,False,False,False,18
2011.0,250000,28000.0,1,False,False,False,False,True,False,False,True,False,True,False,False,False,10
2017.0,940000,35000.0,1,False,True,False,False,False,False,False,True,False,True,False,False,False,18
2017.0,1050000,31000.0,1,False,True,False,False,False,False,True,False,False,True,False,False,False,10
2016.0,825000,58000.0,1,False,True,False,False,False,False,False,True,False,True,False,False,False,18
2012.0,229999,25000.0,1,False,False,False,False,True,False,False,True,False,False,True,False,False,18
2011.0,375000,72000.0,1,False,False,False,False,True,False,False,True,False,True,False,False,False,10
2013.0,640000,89000.0,1,False,True,False,False,False,False,False,True,False,True,False,False,False,18
2012.0,800000,160000.0,1,False,True,False,False,False,False,False,True,False,True,False,False,False,26
2012.0,130000,30000.0,3,False,False,False,False,True,False,False,True,False,False,True,False,False,8
2014.0,300000,37555.0,1,False,False,False,False,True,False,False,True,False,True,False,False,False,10
2018.0,440000,14000.0,1,False,False,False,False,True,False,False,True,False,True,False,False,False,18
2014.0,595000,56600.0,1,True,False,False,False,False,False,False,True,False,True,False,False,False,18
2013.0,450000,110000.0,1,False,True,False,False,False,False,False,True,False,False,True,False,False,17
2017.0,690000,50000.0,1,False,True,False,False,False,False,False,True,False,False,True,False,False,18
2019.0,300000,5000.0,1,False,False,False,False,True,False,False,True,False,False,True,False,False,18
2014.0,170000,100000.0,2,False,False,False,False,True,False,False,True,False,False,True,False,False,3
2012.0,280000,120000.0,1,False,True,False,False,False,False,False,True,False,False,True,False,False,26
2009.0,220000,67580.0,2,False,False,False,False,True,False,False,True,False,False,True,False,False,18
2009.0,140000,100000.0,3,False,False,False,False,True,False,False,True,False,False,True,False,False,10
2004.0,45000,60000.0,1,False,False,False,False,True,False,False,True,False,False,True,False,False,18
2014.0,200000,125000.0,2,False,True,False,False,False,False,False,True,False,False,True,False,False,8
2008.0,325000,120000.0,2,False,True,False,False,False,False,False,True,False,False,True,False,False,17
2010.0,300000,130000.0,2,False,True,False,False,False,False,False,True,False,False,True,False,False,10
2015.0,280000,40000.0,1,False,True,False,False,False,False,False,True,False,False,True,False,False,17
2013.0,225000,78000.0,1,False,True,False,False,False,False,False,True,False,True,False,False,False,21
2015.0,750000,48238.0,1,False,False,False,False,True,False,True,False,False,False,False,True,False,8
2016.0,535000,38365.0,1,False,False,False,False,True,False,False,True,False,True,False,False,False,10
2017.0,650000,49834.0,1,False,False,False,False,True,False,False,True,False,False,False,True,False,18
2013.0,295000,57353.0,1,False,False,False,False,True,False,False,True,False,False,False,True,False,9
2015.0,480000,68308.0,1,False,True,False,False,False,False,False,True,False,False,False,True,False,18
2015.0,575000,63240.0,1,False,True,False,False,False,False,False,True,False,False,False,True,False,9
2016.0,509999,60000.0,0,False,True,False,False,False,False,False,True,False,False,True,False,False,17
2008.0,69000,100000.0,1,False,False,False,False,True,False,False,True,False,False,True,False,False,18
2020.0,426000,1000.0,1,False,True,False,False,False,False,False,True,False,False,True,False,False,25
2017.0,650000,6000.0,1,False,True,False,False,False,False,False,True,False,False,True,False,False,8
2015.0,295000,90000.0,3,False,True,False,False,False,False,False,True,False,False,True,False,False,17
2017.0,260000,30000.0,1,False,False,False,False,True,False,False,True,False,True,False,False,False,18
2009.0,199000,52536.0,0,False,False,False,False,True,False,False,True,False,False,True,False,False,18
2011.0,330000,100000.0,2,False,True,False,False,False,False,False,True,False,False,True,False,False,17
2009.0,150000,80000.0,1,False,False,False,False,True,False,False,True,False,False,True,False,False,18
2016.0,927999,90000.0,1,False,True,False,False,False,False,False,True,False,False,True,False,False,10
2003.0,70000,60000.0,4,False,False,False,False,True,False,False,True,False,False,True,False,False,18
2015.0,399000,55000.0,1,False,True,False,False,False,False,False,True,False,True,False,False,False,10
2015.0,350000,90000.0,1,False,True,False,False,False,False,False,True,False,False,True,False,False,18
2006.0,125000,50000.0,2,False,True,False,False,False,False,False,True,False,False,True,False,False,17
2008.0,150000,60000.0,0,False,False,False,False,True,False,False,True,False,False,True,False,False,10
2015.0,250000,25000.0,1,False,False,False,False,True,False,False,True,False,False,True,False,False,10
2014.0,675000,61000.0,1,False,True,False,False,False,False,False,True,False,True,False,False,False,10
2018.0,950000,30000.0,0,False,True,False,False,False,False,False,True,False,False,True,False,False,18
2018.0,409999,45000.0,1,True,False,False,False,False,False,False,True,False,False,True,False,False,18
2011.0,225000,60000.0,1,False,True,False,False,False,False,False,True,False,False,True,False,False,6
2008.0,350000,75000.0,2,False,False,False,False,True,False,False,True,False,False,True,False,False,9
2005.0,51111,140000.0,3,False,False,False,False,True,False,False,True,False,False,True,False,False,25
2013.0,290000,56000.0,1,False,True,False,False,False,False,False,True,False,True,False,False,False,3
2006.0,310000,62000.0,2,False,False,True,False,False,False,True,False,False,True,False,False,False,26
2007.0,212000,58000.0,2,False,True,False,False,False,False,False,True,False,True,False,False,False,10
2013.0,900000,49000.0,2,False,True,False,False,False,False,True,False,False,True,False,False,False,24
2011.0,221000,56000.0,2,False,True,False,False,False,False,False,True,False,True,False,False,False,3
2013.0,675000,73000.0,1,False,True,False,False,False,False,False,True,False,True,False,False,False,26
2014.0,421000,60000.0,1,False,True,False,False,False,False,False,True,False,True,False,False,False,9
2008.0,350000,10000.0,1,False,False,False,False,True,False,False,True,False,False,True,False,False,18
2010.0,140000,110000.0,1,True,False,False,False,False,False,False,True,False,False,True,False,False,10
2002.0,90000,60000.0,2,False,True,False,False,False,False,False,True,False,False,True,False,False,24
2018.0,830000,40000.0,1,False,True,False,False,False,False,False,True,False,False,True,False,False,9
2009.0,180000,30000.0,1,False,False,False,False,True,False,False,True,False,False,True,False,False,18
2009.0,210000,109000.0,2,False,True,False,False,False,False,False,True,False,False,True,False,False,18
2017.0,700000,90000.0,1,False,True,False,False,False,False,False,True,False,False,True,False,False,18
2012.0,125000,120000.0,1,False,True,False,False,False,False,False,True,False,False,True,False,False,25
2017.0,530000,64916.0,1,False,False,False,False,True,False,False,True,False,False,True,False,False,10
2018.0,800000,37161.0,1,False,True,False,False,False,False,False,True,False,True,False,False,False,8
2016.0,580000,15000.0,1,False,False,False,False,True,False,False,True,False,False,True,False,False,18
2018.0,300000,50852.0,0,False,False,False,False,True,False,False,True,False,False,True,False,False,23
2016.0,300000,30000.0,1,False,False,False,False,True,False,False,True,False,False,True,False,False,23
2015.0,700000,77000.0,1,False,True,False,False,False,False,False,True,False,False,True,False,False,18
2012.0,250000,60000.0,3,False,False,False,False,True,False,False,True,False,False,True,False,False,21
2016.0,500000,120000.0,0,False,True,False,False,False,False,False,True,False,False,True,False,False,3
2009.0,428000,40000.0,3,False,False,False,False,True,False,True,False,False,False,True,False,False,9
2013.0,219000,53500.0,3,False,False,False,False,True,False,False,True,False,False,True,False,False,10
2007.0,225000,50000.0,1,False,True,False,False,False,False,False,True,False,True,False,False,False,18
2013.0,925000,75000.0,1,False,True,False,False,False,False,False,True,False,False,True,False,False,26
2010.0,409999,60000.0,1,False,False,False,False,True,False,False,True,False,False,True,False,False,9
2018.0,570000,5000.0,1,False,False,False,False,True,False,False,True,False,False,True,False,False,25
2007.0,160000,80000.0,3,False,False,False,False,True,False,False,True,False,False,True,False,False,18
2017.0,749000,51500.0,2,False,True,False,False,False,False,False,True,False,False,True,False,False,18
2010.0,300000,120000.0,3,False,True,False,False,False,False,False,True,False,False,True,False,False,18
2014.0,550000,79800.0,1,False,True,False,False,False,False,False,True,False,True,False,False,False,8
2015.0,550000,97000.0,2,False,True,False,False,False,False,False,True,False,True,False,False,False,8
2017.0,700000,49957.0,1,False,True,False,False,False,False,False,True,False,True,False,False,False,8
2017.0,600000,43235.0,1,False,True,False,False,False,False,False,True,False,True,False,False,False,8
2018.0,925000,50699.0,1,False,True,False,False,False,False,False,True,False,True,False,False,False,8
2015.0,459999,140730.0,2,False,True,False,False,False,False,False,True,False,True,False,False,False,8
2015.0,565000,46000.0,1,False,False,False,False,True,False,False,True,False,False,True,False,False,10
2013.0,170000,80000.0,3,False,False,False,False,True,False,False,True,False,False,True,False,False,10
2008.0,295000,120000.0,1,False,True,False,False,False,False,False,True,False,False,True,False,False,17
2018.0,819999,40000.0,1,False,True,False,False,False,False,False,True,False,False,True,False,False,10
2019.0,819999,40000.0,1,False,True,False,False,False,False,False,True,False,False,True,False,False,10
2015.0,550000,135000.0,2,False,True,False,False,False,False,False,True,False,False,True,False,False,8
2015.0,550000,50000.0,1,False,True,False,False,False,False,False,True,False,False,True,False,False,17
2017.0,590000,98000.0,1,False,True,False,False,False,False,False,True,False,False,True,False,False,27
2017.0,950000,50000.0,1,False,True,False,False,False,False,False,True,False,False,True,False,False,9
2017.0,1000000,30000.0,1,False,True,False,False,False,False,False,True,False,False,True,False,False,9
2013.0,500000,120000.0,1,False,True,False,False,False,False,False,True,False,False,True,False,False,21
2017.0,450000,70000.0,1,False,True,False,False,False,False,False,True,False,False,True,False,False,6
2017.0,720000,35000.0,1,False,True,False,False,False,False,False,True,False,False,True,False,False,18
2015.0,390000,70000.0,2,False,True,False,False,False,False,False,True,False,False,True,False,False,18
2014.0,500000,35000.0,1,False,True,False,False,False,False,False,True,False,False,True,False,False,17
2017.0,780000,50000.0,1,False,True,False,False,False,False,False,True,False,False,True,False,False,10
2015.0,484999,90000.0,2,False,True,False,False,False,False,False,True,False,False,True,False,False,18
2012.0,420000,90000.0,2,False,True,False,False,False,False,False,True,False,False,True,False,False,27
2015.0,350000,50000.0,2,False,True,False,False,False,False,False,True,False,False,True,False,False,25
2015.0,350000,120000.0,3,False,True,False,False,False,False,False,True,False,False,True,False,False,17
2011.0,800000,60000.0,1,False,True,False,False,False,False,False,True,False,False,True,False,False,26
2004.0,125000,70000.0,2,False,False,False,False,True,False,True,False,False,False,True,False,False,10
2010.0,75000,60000.0,3,False,True,False,False,False,False,False,True,False,False,True,False,False,25
2018.0,509999,15000.0,1,False,False,False,False,True,False,False,True,False,False,True,False,False,17
2014.0,215000,80000.0,3,False,True,False,False,False,False,False,True,False,False,True,False,False,25
2017.0,680000,60000.0,1,False,True,False,False,False,False,False,True,False,False,True,False,False,10
2014.0,480000,101000.0,1,False,True,False,False,False,False,False,True,False,True,False,False,False,18
2016.0,630000,55000.0,1,False,True,False,False,False,False,False,True,False,True,False,False,False,18
2007.0,190000,115000.0,2,False,False,False,False,True,False,False,True,False,True,False,False,False,9
2015.0,500000,100000.0,1,False,True,False,False,False,False,False,True,False,True,False,False,False,18
2014.0,850000,52000.0,2,False,True,False,False,False,False,False,True,False,True,False,False,False,27
2011.0,350000,105000.0,1,False,True,False,False,False,False,False,True,False,True,False,False,False,18
2015.0,495000,105000.0,1,False,True,False,False,False,False,False,True,False,True,False,False,False,18
2017.0,890000,60000.0,2,False,True,False,False,False,False,False,True,False,False,True,False,False,18
2018.0,1100000,25000.0,2,False,True,False,False,False,False,True,False,False,False,True,False,False,10
2006.0,115999,100000.0,0,False,True,False,False,False,False,False,True,False,False,True,False,False,25
2014.0,300000,50000.0,1,False,False,False,False,True,False,False,True,False,False,True,False,False,9
2014.0,190000,115000.0,2,False,False,False,False,True,False,False,True,False,True,False,False,False,9
2015.0,500000,100000.0,1,False,True,False,False,False,False,False,True,False,False,True,False,False,18
2009.0,233000,58000.0,3,False,False,False,False,True,False,False,True,False,False,True,False,False,8
2015.0,300000,110000.0,2,False,True,False,False,False,False,False,True,False,False,True,False,False,25
2020.0,614000,1000.0,1,False,False,False,False,True,False,False,True,False,False,True,False,False,9
2010.0,250000,100000.0,2,False,False,False,False,True,False,False,True,False,False,True,False,False,10
2010.0,250000,110000.0,2,False,False,False,False,True,False,False,True,False,False,True,False,False,10
2011.0,200000,40000.0,1,False,False,False,False,True,False,False,True,False,False,True,False,False,18
2013.0,290000,52000.0,1,False,False,False,False,True,False,False,True,False,False,True,False,False,18
2013.0,320000,80000.0,2,False,False,False,False,True,False,False,True,False,False,True,False,False,18
2006.0,145000,52000.0,2,False,False,False,False,True,False,False,True,False,False,True,False,False,10
2005.0,100000,124000.0,2,False,False,False,False,True,False,False,True,False,False,True,False,False,18
2006.0,145000,66000.0,2,False,False,False,False,True,False,True,False,False,False,True,False,False,10
2008.0,110000,120000.0,3,False,False,False,False,True,False,False,True,False,False,True,False,False,18
2019.0,680000,40000.0,1,False,True,False,False,False,False,False,True,False,False,True,False,False,18
2004.0,37500,90000.0,2,False,False,False,False,True,False,False,True,False,False,True,False,False,18
2011.0,200000,120000.0,2,False,True,False,False,False,False,False,True,False,False,True,False,False,18
2012.0,300000,110000.0,1,False,True,False,False,False,False,False,True,False,False,True,False,False,21
2015.0,630000,50000.0,1,False,True,False,False,False,False,False,True,False,False,True,False,False,17
2006.0,1050000,30000.0,1,False,True,False,False,False,False,True,False,False,True,False,False,False,2
2018.0,200000,60000.0,1,False,False,False,False,True,False,False,True,False,False,True,False,False,18
2019.0,1000000,15000.0,1,False,True,False,False,False,False,False,True,False,False,True,False,False,18
2017.0,415000,20000.0,1,False,False,False,False,True,False,False,True,False,False,True,False,False,18
2014.0,500000,82000.0,1,False,True,False,False,False,False,False,True,False,False,True,False,False,21
2013.0,150000,60000.0,2,False,False,False,False,True,False,False,True,False,False,True,False,False,3
2005.0,95000,60000.0,2,False,False,False,False,True,False,False,True,False,False,True,False,False,18
2012.0,400000,70000.0,1,False,True,False,False,False,False,False,True,False,False,True,False,False,18
2008.0,114999,66782.0,2,False,False,False,False,True,False,False,True,False,False,True,False,False,18
2006.0,75000,130000.0,1,False,False,False,False,True,False,False,True,False,False,True,False,False,18
2013.0,500000,120000.0,1,False,True,False,False,False,False,False,True,False,False,True,False,False,10
2014.0,195000,75000.0,2,False,True,False,False,False,False,False,True,False,False,True,False,False,18
2015.0,155000,40000.0,1,False,False,False,False,True,False,False,True,False,False,True,False,False,18
2000.0,65000,90000.0,2,False,False,False,False,True,False,False,True,False,False,True,False,False,18
2005.0,65000,150000.0,3,False,False,False,False,True,False,False,True,False,False,True,False,False,9
2015.0,190000,60000.0,2,False,False,False,False,True,False,False,True,False,False,True,False,False,25
2012.0,200000,112198.0,2,False,True,False,False,False,False,False,True,False,False,True,False,False,17
2010.0,160000,60000.0,2,False,False,False,False,True,False,False,True,False,False,True,False,False,25
2010.0,150000,130000.0,2,False,True,False,False,False,False,False,True,False,False,True,False,False,25
2015.0,750000,120000.0,1,False,True,False,False,False,False,False,True,False,False,True,False,False,17
2012.0,225000,90000.0,0,False,True,False,False,False,False,False,True,False,False,True,False,False,18
2014.0,409999,80000.0,2,False,True,False,False,False,False,False,True,False,False,True,False,False,10
2009.0,110000,83000.0,2,False,False,False,False,True,False,False,True,False,False,True,False,False,18
2016.0,865000,90000.0,1,False,True,False,False,False,False,False,True,False,False,True,False,False,10
2016.0,225000,40000.0,1,False,False,False,False,True,False,False,True,False,False,True,False,False,23
